-- MySQL dump 10.13  Distrib 5.7.17, for Win64 (x86_64)
--
-- Host: localhost    Database: scheduledb
-- ------------------------------------------------------
-- Server version	5.7.20-log

/*!40101 SET @OLD_CHARACTER_SET_CLIENT=@@CHARACTER_SET_CLIENT */;
/*!40101 SET @OLD_CHARACTER_SET_RESULTS=@@CHARACTER_SET_RESULTS */;
/*!40101 SET @OLD_COLLATION_CONNECTION=@@COLLATION_CONNECTION */;
/*!40101 SET NAMES utf8 */;
/*!40103 SET @OLD_TIME_ZONE=@@TIME_ZONE */;
/*!40103 SET TIME_ZONE='+00:00' */;
/*!40014 SET @OLD_UNIQUE_CHECKS=@@UNIQUE_CHECKS, UNIQUE_CHECKS=0 */;
/*!40014 SET @OLD_FOREIGN_KEY_CHECKS=@@FOREIGN_KEY_CHECKS, FOREIGN_KEY_CHECKS=0 */;
/*!40101 SET @OLD_SQL_MODE=@@SQL_MODE, SQL_MODE='NO_AUTO_VALUE_ON_ZERO' */;
/*!40111 SET @OLD_SQL_NOTES=@@SQL_NOTES, SQL_NOTES=0 */;

--
-- Table structure for table `days`
--

DROP TABLE IF EXISTS `days`;
/*!40101 SET @saved_cs_client     = @@character_set_client */;
/*!40101 SET character_set_client = utf8 */;
CREATE TABLE `days` (
  `id` varchar(25) NOT NULL,
  `name` varchar(25) NOT NULL,
  PRIMARY KEY (`id`)
) ENGINE=InnoDB DEFAULT CHARSET=utf8;
/*!40101 SET character_set_client = @saved_cs_client */;

--
-- Dumping data for table `days`
--

LOCK TABLES `days` WRITE;
/*!40000 ALTER TABLE `days` DISABLE KEYS */;
INSERT INTO `days` VALUES ('Jueves','Jueves'),('Lunes','Lunes'),('Martes','Martes'),('Miercoles','Miercoles'),('Viernes','Viernes');
/*!40000 ALTER TABLE `days` ENABLE KEYS */;
UNLOCK TABLES;

--
-- Table structure for table `eventgroups`
--

DROP TABLE IF EXISTS `eventgroups`;
/*!40101 SET @saved_cs_client     = @@character_set_client */;
/*!40101 SET character_set_client = utf8 */;
CREATE TABLE `eventgroups` (
  `id` varchar(25) NOT NULL,
  `name` varchar(75) NOT NULL,
  `curso` int(11) NOT NULL,
  `cuatrimestre` int(11) NOT NULL,
  `h_teoria` int(11) DEFAULT NULL,
  `h_practica` int(11) DEFAULT NULL,
  PRIMARY KEY (`id`)
) ENGINE=InnoDB DEFAULT CHARSET=utf8;
/*!40101 SET character_set_client = @saved_cs_client */;

--
-- Dumping data for table `eventgroups`
--

LOCK TABLES `eventgroups` WRITE;
/*!40000 ALTER TABLE `eventgroups` DISABLE KEYS */;
INSERT INTO `eventgroups` VALUES ('G100','Optimización I',3,2,NULL,NULL),('G101','Discrete Mathematics',3,1,NULL,NULL),('G102','Taller de Modelización',3,2,NULL,NULL),('G105','Teoría de la Medida',4,2,NULL,NULL),('G106','Teoría Cualitativa de EDO',4,1,NULL,NULL),('G108','Ampliación de Probabilidades',4,1,NULL,NULL),('G109','Ampliación de Estadística',4,2,NULL,NULL),('G110','Variedades Diferenciables',4,1,NULL,NULL),('G111','Topología Algebraica',4,1,NULL,NULL),('G112','Geometría Proyectiva y Algebraica',4,2,NULL,NULL),('G113','Ampliación de Álgebra',4,2,NULL,NULL),('G116','Álgebra Computacional',4,2,NULL,NULL),('G118','Economía y Administración de Empresas',4,1,NULL,NULL),('G119','Matemáticas para la Educación Secundaria',4,2,NULL,NULL),('G1662','Lenguajes de Programación',4,2,NULL,NULL),('G1722','Habilidades, Valores y Competencias Transversales',2,1,NULL,NULL),('G1724','Valores, Ética y Profesión Informática',2,1,NULL,NULL),('G1725','Habilidades, Valores y Competencias Transversales',1,1,NULL,NULL),('G1749','Computer Animation and Video Games',4,1,NULL,NULL),('G1752','Hilbert Spaces',3,1,NULL,NULL),('G1753','Numerical Analysis III',4,2,NULL,NULL),('G1775','Advanced Experimental Techniques (2C)',4,2,NULL,NULL),('G1776','Astronomy',3,2,NULL,NULL),('G1777','Particle Physics',4,2,NULL,NULL),('G1778','Experimental Optics',3,2,NULL,NULL),('G1779','Physics of Materials',4,2,NULL,NULL),('G1828','System and Network Security and Assurance',4,1,NULL,NULL),('G260','Inglés',1,2,NULL,NULL),('G261','Inglés',2,2,NULL,NULL),('G262','Inglés',1,1,NULL,NULL),('G263','Álgebra Lineal y Discreta',1,1,NULL,NULL),('G264','Análisis Matemático y Métodos Numéricos',1,2,NULL,NULL),('G265','Estadística y Optimización',1,2,NULL,NULL),('G266','Introducción al Software',1,1,NULL,NULL),('G267','Introducción a los Computadores',1,2,NULL,NULL),('G268','Sistemas Digitales',1,1,NULL,NULL),('G269','Fundamentos Físicos de la Informática',1,1,NULL,NULL),('G270','Economía y Administración de Empresas',1,2,NULL,NULL),('G271','Métodos de Programación',4,2,NULL,NULL),('G31','Física Básica Experimental I: Movimiento, Fuerza, Astronomía',1,1,NULL,NULL),('G32','Física Básica Experimental II: Ondas: Luz y Sonido',1,1,NULL,NULL),('G33','Física Básica Experimental III: La Materia y sus Propiedades',1,2,NULL,NULL),('G34','Física Básica Experimental IV: Circuitos y Electrónica',1,2,NULL,NULL),('G345','Macroeconomía',4,2,NULL,NULL),('G35','Matemáticas I: Álgebra Lineal y Geometría',1,1,NULL,NULL),('G36','Matemáticas II: Cálculo Diferencial',1,1,NULL,NULL),('G37','Matemáticas III: Cálculo Integral',1,2,NULL,NULL),('G38','Laboratorio Multidisciplinar',1,2,NULL,NULL),('G39','Herramientas Computacionales en el Laboratorio',1,1,NULL,NULL),('G40','Programación',1,2,NULL,NULL),('G41','Cálculo Diferencial',1,1,NULL,NULL),('G42','Álgebra Lineal I',1,1,NULL,NULL),('G43','Introducción al Lenguaje Matemático',1,1,NULL,NULL),('G44','Cálculo Integral',1,2,NULL,NULL),('G45','Geometría, Arte y Naturaleza',1,2,NULL,NULL),('G46','Física Básica Experimental',1,1,NULL,NULL),('G47','Programación',1,2,NULL,NULL),('G48','Estadística Básica',1,2,NULL,NULL),('G49','Mecánica Clásica y Relatividad',2,1,NULL,NULL),('G50','Astronomía',3,1,NULL,NULL),('G51','Electricidad y Magnetismo',2,2,NULL,NULL),('G52','Electromagnetismo y Óptica',3,1,NULL,NULL),('G53','Termodinámica',2,1,NULL,NULL),('G54','Física Estadística',3,1,NULL,NULL),('G55','Física Cuántica y Estructura de la Materia I: Fundamentos de la Física Cuán',2,2,NULL,NULL),('G56','Física Cuántica y Estructura de la Materia II: Átomos, Moléculas y Sólidos',3,1,NULL,NULL),('G57','Física Cuántica y Estructura de la Materia III: Física del Estado Sólido',3,2,NULL,NULL),('G58','Física Cuántica y Estructura de la Materia IV: Núcleos y Partículas',3,2,NULL,NULL),('G59','Métodos Matemáticos I: Ecuaciones Diferenciales',2,1,NULL,NULL),('G60','Métodos Matemáticos II: Ecuaciones Derivadas Parciales',2,2,NULL,NULL),('G61','Métodos Numéricos',3,1,NULL,NULL),('G62','Laboratorio de Física I',2,1,NULL,NULL),('G63','Laboratorio de Física II',2,2,NULL,NULL),('G64','Laboratorio de Física III',3,2,NULL,NULL),('G646','Lógica',2,2,NULL,NULL),('G647','Matemática Discreta',2,1,NULL,NULL),('G649','Estructura de Computadores',2,1,NULL,NULL),('G65','Laboratorio de Física IV',3,2,NULL,NULL),('G650','Organización de Computadores',2,2,NULL,NULL),('G651','Estructuras de Datos',4,1,NULL,NULL),('G652','Algorítmica y Complejidad',4,2,NULL,NULL),('G653','Programación Paralela, Concurrente y de Tiempo Real',3,1,NULL,NULL),('G654','Interacción Persona-Computador',3,1,NULL,NULL),('G655','Introducción a los Sistemas Inteligentes',4,1,NULL,NULL),('G656','Sistemas de Información',2,1,NULL,NULL),('G657','Bases de Datos',2,2,NULL,NULL),('G658','Ingeniería del Software I',3,1,NULL,NULL),('G659','Ingeniería del Software II',3,2,NULL,NULL),('G66','Historia y Panorama de Investigación y Aplicaciones de la Física',3,2,NULL,NULL),('G660','Sistemas Operativos',2,2,NULL,NULL),('G661','Introducción a las Redes de Computadores',3,1,NULL,NULL),('G662','Redes de Computadores y Sistemas Distribuidos',3,2,NULL,NULL),('G663','Sistemas Informáticos',3,2,NULL,NULL),('G664','Ingeniería de Requisitos',3,2,NULL,NULL),('G665','Desarrollo de Sistemas de Información',3,2,NULL,NULL),('G666','Diseño de Software',4,1,NULL,NULL),('G667','Servicios Software',4,2,NULL,NULL),('G668','Métodos de Desarrollo',4,1,NULL,NULL),('G669','Gestión de Proyectos Software',4,2,NULL,NULL),('G67','Proyectos: Concepción, Desarrollo y Herramientas',4,2,NULL,NULL),('G670','Procesos de Ingeniería del Software',4,1,NULL,NULL),('G671','Calidad y Auditoría',4,1,NULL,NULL),('G672','Arquitectura e Ingeniería de Computadores',3,2,NULL,NULL),('G673','Sistemas de Tiempo Real',3,2,NULL,NULL),('G674','Diseño y Administración de Redes',4,1,NULL,NULL),('G675','Sistemas Embebidos',4,1,NULL,NULL),('G676','Multiprocesadores',4,2,NULL,NULL),('G677','Sistemas Operativos Avanzados',4,1,NULL,NULL),('G679','Diseño y Gestión de Sistemas Informáticos',4,2,NULL,NULL),('G68','Mecánica Cuántica',4,1,NULL,NULL),('G680','Modelos de Cálculo',4,1,NULL,NULL),('G681','Lenguajes Formales',3,2,NULL,NULL),('G682','Diseño de Algoritmos',4,1,NULL,NULL),('G684','Representación del Conocimiento',4,1,NULL,NULL),('G685','Gráficos por Computador y Realidad Virtual',4,1,NULL,NULL),('G686','Aprendizaje Automático y Minería de Datos',3,2,NULL,NULL),('G687','Natural Language Processing',4,2,NULL,NULL),('G689','Sistemas de Información de la Empresa',4,2,NULL,NULL),('G69','Astrofísica',4,1,NULL,NULL),('G690','Informática Industrial',4,2,NULL,NULL),('G691','Bases de Datos Avanzadas',4,1,NULL,NULL),('G70','Física de Materiales',4,1,NULL,NULL),('G71','Física de Partículas Elementales',4,1,NULL,NULL),('G72','Fotónica',4,1,NULL,NULL),('G73','Química',4,1,NULL,NULL),('G74','Fuentes de Energía',4,1,NULL,NULL),('G75','Radiofísica',4,1,NULL,NULL),('G76','Física de la Tierra',4,1,NULL,NULL),('G77','Electrónica Aplicada',4,1,NULL,NULL),('G78','Experimentación Didáctica',4,1,NULL,NULL),('G79','Advanced Experimental Techniques (1C)',4,1,NULL,NULL),('G80','Advanced Computation',4,1,NULL,NULL),('G83','Ecuaciones Diferenciales Ordinarias',2,1,NULL,NULL),('G84','Ampliación de Cálculo Diferencial',2,1,NULL,NULL),('G85','Introducción a las Ecuaciones en Derivadas Parciales',2,2,NULL,NULL),('G86','Ampliación de Cálculo Integral',2,2,NULL,NULL),('G87','Variable Compleja',3,2,NULL,NULL),('G89','Álgebra Lineal II',2,1,NULL,NULL),('G899','Herramientas para la Decisión en Operaciones',4,1,NULL,NULL),('G90','Estructuras Algebraicas',2,2,NULL,NULL),('G902','Análisis y Evaluación de Inversiones',4,1,NULL,NULL),('G907','Investigación de Mercados',4,2,NULL,NULL),('G91','Teoría de Galois',3,1,NULL,NULL),('G913','Análisis de los Mercados de Valores',4,2,NULL,NULL),('G92','Álgebra Conmutativa',3,2,NULL,NULL),('G93','Cálculo de Probabilidades',2,1,NULL,NULL),('G94','Statistical Inference',3,2,NULL,NULL),('G95','Topología',2,1,NULL,NULL),('G96','Geometría de Curvas y Superficies',2,2,NULL,NULL),('G97','Teoría Global de Superficies',3,1,NULL,NULL),('G98','Cálculo Numérico I',2,2,NULL,NULL),('G99','Cálculo Numérico II',3,1,NULL,NULL);
/*!40000 ALTER TABLE `eventgroups` ENABLE KEYS */;
UNLOCK TABLES;

--
-- Table structure for table `events`
--

DROP TABLE IF EXISTS `events`;
/*!40101 SET @saved_cs_client     = @@character_set_client */;
/*!40101 SET character_set_client = utf8 */;
CREATE TABLE `events` (
  `id` varchar(75) NOT NULL,
  `name` varchar(45) NOT NULL,
  `eventgroup` varchar(25) NOT NULL,
  `time` varchar(45) DEFAULT NULL,
  PRIMARY KEY (`id`),
  KEY `eventgroup` (`eventgroup`),
  KEY `time` (`time`),
  CONSTRAINT `events_ibfk_1` FOREIGN KEY (`eventgroup`) REFERENCES `eventgroups` (`id`),
  CONSTRAINT `events_ibfk_2` FOREIGN KEY (`time`) REFERENCES `times` (`id`)
) ENGINE=InnoDB DEFAULT CHARSET=utf8;
/*!40101 SET character_set_client = @saved_cs_client */;

--
-- Dumping data for table `events`
--

LOCK TABLES `events` WRITE;
/*!40000 ALTER TABLE `events` DISABLE KEYS */;
/*!40000 ALTER TABLE `events` ENABLE KEYS */;
UNLOCK TABLES;

--
-- Table structure for table `events_cuatrimestre2_1718`
--

DROP TABLE IF EXISTS `events_cuatrimestre2_1718`;
/*!40101 SET @saved_cs_client     = @@character_set_client */;
/*!40101 SET character_set_client = utf8 */;
CREATE TABLE `events_cuatrimestre2_1718` (
  `id` varchar(75) NOT NULL,
  `name` varchar(45) NOT NULL,
  `eventgroup` varchar(25) NOT NULL,
  `time` varchar(45) DEFAULT NULL,
  PRIMARY KEY (`id`),
  KEY `events_c2_1718_ibfk_1` (`eventgroup`),
  KEY `events_c2_1718_ibfk_2` (`time`),
  CONSTRAINT `events_c2_1718_ibfk_1` FOREIGN KEY (`eventgroup`) REFERENCES `eventgroups` (`id`),
  CONSTRAINT `events_c2_1718_ibfk_2` FOREIGN KEY (`time`) REFERENCES `times` (`id`)
) ENGINE=InnoDB DEFAULT CHARSET=utf8;
/*!40101 SET character_set_client = @saved_cs_client */;

--
-- Dumping data for table `events_cuatrimestre2_1718`
--

LOCK TABLES `events_cuatrimestre2_1718` WRITE;
/*!40000 ALTER TABLE `events_cuatrimestre2_1718` DISABLE KEYS */;
INSERT INTO `events_cuatrimestre2_1718` VALUES ('G100_pl_1_a','G100_pl_1_a','G100','Lunes1'),('G100_pl_1_b','G100_pl_1_b','G100','Lunes2'),('G100_pl_2_a','G100_pl_2_a','G100','Viernes5'),('G100_pl_2_b','G100_pl_2_b','G100','Viernes10'),('G100_t1','G100_t1','G100','Lunes4'),('G100_t2','G100_t2','G100','Miercoles4'),('G102_pl_1','G102_pl_1','G102','Lunes5'),('G102_pl_2','G102_pl_2','G102','Lunes10'),('G102_pl_3','G102_pl_3','G102','Viernes3'),('G102_pl_4','G102_pl_4','G102','Viernes4'),('G105_t1','G105_t1','G105','Lunes5'),('G105_t2','G105_t2','G105','Martes5'),('G105_t3','G105_t3','G105','Miercoles5'),('G105_t4','G105_t4','G105','Jueves5'),('G109_t1','G109_t1','G109','Lunes3'),('G109_t2','G109_t2','G109','Martes3'),('G109_t4','G109_t4','G109','Jueves3'),('G112_t1','G112_t1','G112','Lunes2'),('G112_t2','G112_t2','G112','Martes2'),('G112_t3','G112_t3','G112','Miercoles2'),('G112_t4','G112_t4','G112','Jueves2'),('G113_t1','G113_t1','G113','Lunes1'),('G113_t3','G113_t3','G113','Viernes3'),('G113_t4','G113_t4','G113','Viernes4'),('G116_t1','G116_t1','G116','Lunes4'),('G116_t2','G116_t2','G116','Martes4'),('G116_t3','G116_t3','G116','Miercoles4'),('G116_t4','G116_t4','G116','Jueves4'),('G119_t1','G119_t1','G119','Lunes2'),('G119_t2','G119_t2','G119','Miercoles2'),('G119_t3','G119_t3','G119','Jueves2'),('G119_t4','G119_t4','G119','Viernes2'),('G1662_t1','G1662_t1','G1662','Lunes10'),('G1662_t2','G1662_t2','G1662','Martes1'),('G1662_t3','G1662_t3','G1662','Martes2'),('G1662_t4','G1662_t4','G1662','Miercoles1'),('G1753_t2','G1753_t2','G1753','Jueves5'),('G1776_t1','G1776_t1','G1776','Lunes3'),('G1776_t2','G1776_t2','G1776','Martes3'),('G1776_t3','G1776_t3','G1776','Miercoles3'),('G1777_t1','G1777_t1','G1777','Lunes3'),('G1777_t2','G1777_t2','G1777','Martes3'),('G1777_t3','G1777_t3','G1777','Jueves3'),('G1778_t1','G1778_t1','G1778','Jueves1'),('G1779_t1','G1779_t1','G1779','Lunes4'),('G1779_t2','G1779_t2','G1779','Martes4'),('G1779_t3','G1779_t3','G1779','Miercoles4'),('G1779_t4','G1779_t4','G1779','Jueves4'),('G1828_t1','G1828_t1','G1828','Martes4'),('G1828_t2','G1828_t2','G1828','Martes5'),('G260_t1','G260_t1','G260','Lunes5'),('G260_t2','G260_t2','G260','Lunes10'),('G260_t3','G260_t3','G260','Jueves5'),('G260_t4','G260_t4','G260','Jueves10'),('G261_t1','G261_t1','G261','Martes4'),('G261_t2','G261_t2','G261','Martes5'),('G261_t3','G261_t3','G261','Jueves4'),('G261_t4','G261_t4','G261','Jueves5'),('G264_t1','G264_t1','G264','Lunes4'),('G264_t2','G264_t2','G264','Miercoles4'),('G264_t3','G264_t3','G264','Jueves4'),('G264_t4','G264_t4','G264','Viernes4'),('G265_pa_1','G265_pa_1','G265','Viernes3'),('G265_pa_3','G265_pa_3','G265','Jueves3'),('G265_pl_1_a','G265_pl_1_a','G265','Miercoles5'),('G265_pl_1_b','G265_pl_1_b','G265','Miercoles10'),('G265_pl_2_a','G265_pl_2_a','G265','Lunes8'),('G265_pl_2_b','G265_pl_2_b','G265','Lunes9'),('G265_t1','G265_t1','G265','Lunes5'),('G265_t2','G265_t2','G265','Viernes5'),('G267_pa_1','G267_pa_1','G267','Jueves3'),('G267_pa_2','G267_pa_2','G267','Viernes3'),('G267_pa_3','G267_pa_3','G267','Lunes10'),('G267_pl_12_a','G267_pl_12_a','G267','Lunes2'),('G267_pl_12_b','G267_pl_12_b','G267','Lunes3'),('G267_pl_34_b','G267_pl_34_b','G267','Martes3'),('G267_t1','G267_t1','G267','Martes4'),('G267_t2','G267_t2','G267','Miercoles3'),('G270_t1','G270_t1','G270','Miercoles1'),('G270_t2','G270_t2','G270','Miercoles2'),('G270_t3','G270_t3','G270','Viernes1'),('G270_t4','G270_t4','G270','Viernes2'),('G271_pa_2','G271_pa_2','G271','Martes10'),('G271_pl_12_a','G271_pl_12_a','G271','Lunes6'),('G271_pl_12_b','G271_pl_12_b','G271','Lunes7'),('G271_pl_34_a','G271_pl_34_a','G271','Miercoles6'),('G271_pl_34_b','G271_pl_34_b','G271','Miercoles7'),('G271_t1','G271_t1','G271','Martes5'),('G271_t2','G271_t2','G271','Jueves5'),('G33_pl_a_1','G33_pl_a_1','G33','Lunes6'),('G33_pl_a_2','G33_pl_a_2','G33','Lunes7'),('G33_pl_a_3','G33_pl_a_3','G33','Lunes8'),('G33_pl_b_1','G33_pl_b_1','G33','Martes6'),('G33_pl_b_2','G33_pl_b_2','G33','Martes7'),('G33_pl_b_3','G33_pl_b_3','G33','Martes8'),('G33_pl_c_1','G33_pl_c_1','G33','Miercoles6'),('G33_pl_c_2','G33_pl_c_2','G33','Miercoles7'),('G33_pl_c_3','G33_pl_c_3','G33','Miercoles8'),('G33_pl_d_1','G33_pl_d_1','G33','Jueves6'),('G33_pl_d_2','G33_pl_d_2','G33','Jueves7'),('G33_pl_d_3','G33_pl_d_3','G33','Jueves8'),('G33_pl_e_1','G33_pl_e_1','G33','Viernes6'),('G33_pl_e_2','G33_pl_e_2','G33','Viernes7'),('G33_pl_e_3','G33_pl_e_3','G33','Viernes8'),('G33_t1','G33_t1','G33','Lunes4'),('G33_t2','G33_t2','G33','Jueves4'),('G34_pl_ab_1','G34_pl_ab_1','G34','Miercoles6'),('G34_pl_ab_2','G34_pl_ab_2','G34','Miercoles7'),('G34_pl_ab_3','G34_pl_ab_3','G34','Miercoles8'),('G34_pl_cd_1','G34_pl_cd_1','G34','Lunes6'),('G34_pl_cd_2','G34_pl_cd_2','G34','Lunes7'),('G34_pl_cd_3','G34_pl_cd_3','G34','Lunes8'),('G34_pl_e_1','G34_pl_e_1','G34','Martes6'),('G34_pl_e_2','G34_pl_e_2','G34','Martes7'),('G34_pl_e_3','G34_pl_e_3','G34','Martes8'),('G34_p_ewb','G34_p_ewb','G34','Viernes1'),('G34_t1','G34_t1','G34','Miercoles5'),('G34_t2','G34_t2','G34','Miercoles10'),('G34_t3','G34_t3','G34','Viernes3'),('G37_pa_1_a','G37_pa_1_a','G37','Lunes3'),('G37_pa_1_b','G37_pa_1_b','G37','Miercoles3'),('G37_pa_2_a','G37_pa_2_a','G37','Martes2'),('G37_pa_2_b','G37_pa_2_b','G37','Jueves4'),('G37_t1f','G37_t1f','G37','Martes3'),('G37_t2f','G37_t2f','G37','Jueves3'),('G38_pmult_a_1','G38_pmult_a_1','G38','Viernes4'),('G38_pmult_a_2','G38_pmult_a_2','G38','Viernes5'),('G38_pmult_b_1','G38_pmult_b_1','G38','Viernes8'),('G38_pmult_b_2','G38_pmult_b_2','G38','Viernes9'),('G38_pmult_c_1','G38_pmult_c_1','G38','Viernes6'),('G38_pmult_c_2','G38_pmult_c_2','G38','Viernes7'),('G38_t1','G38_t1','G38','Martes4'),('G38_t2','G38_t2','G38','Miercoles4'),('G40_pa_2','G40_pa_2','G40','Lunes5'),('G40_pl_45_a','G40_pl_45_a','G40','Miercoles1'),('G40_pl_45_b','G40_pl_45_b','G40','Miercoles2'),('G40_pl_6_a','G40_pl_6_a','G40','Jueves6'),('G40_pl_6_b','G40_pl_6_b','G40','Jueves7'),('G40_t1','G40_t1','G40','Martes5'),('G40_t2','G40_t2','G40','Jueves5'),('G44_pa_1_a','G44_pa_1_a','G44','Martes3'),('G44_pa_1_b','G44_pa_1_b','G44','Miercoles1'),('G44_pa_1_c','G44_pa_1_c','G44','Jueves3'),('G44_pa_2_a','G44_pa_2_a','G44','Lunes2'),('G44_pa_2_b','G44_pa_2_b','G44','Miercoles2'),('G44_pa_2_c','G44_pa_2_c','G44','Jueves2'),('G44_t1','G44_t1','G44','Martes2'),('G44_t2a','G44_t2a','G44','Jueves2'),('G44_t2b','G44_t2b','G44','Miercoles2'),('G45_t1','G45_t1','G45','Lunes4'),('G45_t2','G45_t2','G45','Martes4'),('G45_t3','G45_t3','G45','Miercoles4'),('G45_t4','G45_t4','G45','Jueves4'),('G47_pl_12_a','G47_pl_12_a','G47','Martes5'),('G47_pl_12_b','G47_pl_12_b','G47','Martes10'),('G47_pl_3_a','G47_pl_3_a','G47','Lunes6'),('G47_pl_3_b','G47_pl_3_b','G47','Lunes7'),('G47_pl_4_a','G47_pl_4_a','G47','Martes6'),('G47_pl_4_b','G47_pl_4_b','G47','Martes7'),('G47_t1','G47_t1','G47','Martes1'),('G47_t2','G47_t2','G47','Jueves1'),('G48_pa_1_a','G48_pa_1_a','G48','Lunes2'),('G48_pa_1_b','G48_pa_1_b','G48','Miercoles2'),('G48_pa_2_a','G48_pa_2_a','G48','Martes3'),('G48_pa_2_b','G48_pa_2_b','G48','Jueves3'),('G48_pa_3_a','G48_pa_3_a','G48','Lunes1'),('G48_pa_3_b','G48_pa_3_b','G48','Miercoles1'),('G48_pl_1','G48_pl_1','G48','Miercoles5'),('G48_t1','G48_t1','G48','Lunes3'),('G48_t2','G48_t2','G48','Miercoles3'),('G51_t1','G51_t1','G51','Martes1'),('G51_t2','G51_t2','G51','Miercoles1'),('G51_t3','G51_t3','G51','Jueves1'),('G51_t4','G51_t4','G51','Viernes1'),('G55_t1','G55_t1','G55','Martes2'),('G55_t2','G55_t2','G55','Miercoles2'),('G55_t3','G55_t3','G55','Jueves2'),('G55_t4','G55_t4','G55','Viernes2'),('G57_t1','G57_t1','G57','Lunes4'),('G57_t2','G57_t2','G57','Martes4'),('G57_t3','G57_t3','G57','Miercoles5'),('G57_t4','G57_t4','G57','Jueves5'),('G58_t1','G58_t1','G58','Lunes5'),('G58_t2','G58_t2','G58','Martes5'),('G58_t3','G58_t3','G58','Miercoles4'),('G58_t4','G58_t4','G58','Jueves4'),('G60_pa_2_a','G60_pa_2_a','G60','Martes3'),('G60_pa_2_b','G60_pa_2_b','G60','Jueves3'),('G60_t1','G60_t1','G60','Lunes1'),('G60_t2','G60_t2','G60','Miercoles3'),('G63_pl_2_a','G63_pl_2_a','G63','Miercoles6'),('G63_pl_2_b','G63_pl_2_b','G63','Miercoles7'),('G63_pl_2_c','G63_pl_2_c','G63','Miercoles8'),('G63_pl_2_d','G63_pl_2_d','G63','Miercoles9'),('G63_t1','G63_t1','G63','Lunes2'),('G63_t2','G63_t2','G63','Lunes3'),('G63_t3','G63_t3','G63','Viernes3'),('G63_t4','G63_t4','G63','Viernes4'),('G646_pa_1_a','G646_pa_1_a','G646','Jueves4'),('G646_pa_1_b','G646_pa_1_b','G646','Jueves5'),('G646_pa_2_a','G646_pa_2_a','G646','Miercoles3'),('G646_pa_2_b','G646_pa_2_b','G646','Miercoles4'),('G646_t1','G646_t1','G646','Lunes3'),('G646_t2','G646_t2','G646','Martes3'),('G64_pl_1_a','G64_pl_1_a','G64','Jueves6'),('G64_pl_1_b','G64_pl_1_b','G64','Jueves7'),('G64_pl_1_c','G64_pl_1_c','G64','Jueves8'),('G64_pl_1_d','G64_pl_1_d','G64','Jueves9'),('G64_pl_2_a','G64_pl_2_a','G64','Miercoles6'),('G64_pl_2_b','G64_pl_2_b','G64','Miercoles7'),('G64_pl_2_c','G64_pl_2_c','G64','Miercoles8'),('G64_pl_2_d','G64_pl_2_d','G64','Miercoles9'),('G650_pa_2','G650_pa_2','G650','Viernes2'),('G650_pa_3','G650_pa_3','G650','Viernes5'),('G650_pl_12_a','G650_pl_12_a','G650','Miercoles1'),('G650_pl_12_b','G650_pl_12_b','G650','Miercoles2'),('G650_pl_3_a','G650_pl_3_a','G650','Jueves2'),('G650_pl_3_b','G650_pl_3_b','G650','Jueves3'),('G650_pl_4_a','G650_pl_4_a','G650','Miercoles6'),('G650_pl_4_b','G650_pl_4_b','G650','Miercoles7'),('G650_t1','G650_t1','G650','Lunes1'),('G650_t2','G650_t2','G650','Martes1'),('G652_pa_1_a','G652_pa_1_a','G652','Lunes4'),('G652_pa_1_b','G652_pa_1_b','G652','Lunes5'),('G652_pa_2_a','G652_pa_2_a','G652','Miercoles3'),('G652_pa_2_b','G652_pa_2_b','G652','Miercoles4'),('G652_pl_1_a','G652_pl_1_a','G652','Lunes4'),('G652_pl_1_b','G652_pl_1_b','G652','Lunes5'),('G652_pl_2_a','G652_pl_2_a','G652','Miercoles3'),('G652_pl_2_b','G652_pl_2_b','G652','Miercoles4'),('G652_t1','G652_t1','G652','Lunes2'),('G652_t2','G652_t2','G652','Jueves3'),('G657_pa_2','G657_pa_2','G657','Miercoles6'),('G657_pl_13_a','G657_pl_13_a','G657','Viernes3'),('G657_pl_13_b','G657_pl_13_b','G657','Viernes4'),('G657_pl_2_a','G657_pl_2_a','G657','Jueves6'),('G657_pl_2_b','G657_pl_2_b','G657','Jueves7'),('G657_t1','G657_t1','G657','Miercoles5'),('G657_t2','G657_t2','G657','Jueves10'),('G659_pa_1','G659_pa_1','G659','Martes2'),('G659_t1','G659_t1','G659','Lunes3'),('G659_t2','G659_t2','G659','Jueves2'),('G65_t_1_a','G65_t_1_a','G65','Miercoles7'),('G65_t_1_b','G65_t_1_b','G65','Miercoles8'),('G65_t_2_a','G65_t_2_a','G65','Lunes7'),('G65_t_2_b','G65_t_2_b','G65','Lunes8'),('G65_t_3_a','G65_t_3_a','G65','Martes7'),('G65_t_3_b','G65_t_3_b','G65','Martes8'),('G660_pa_2','G660_pa_2','G660','Miercoles2'),('G660_t1','G660_t1','G660','Martes2'),('G660_t2','G660_t2','G660','Jueves2'),('G662_pa_2','G662_pa_2','G662','Martes2'),('G662_t1','G662_t1','G662','Martes3'),('G662_t2','G662_t2','G662','Miercoles3'),('G663_t1','G663_t1','G663','Viernes3'),('G664_pl_1','G664_pl_1','G664','Viernes1'),('G664_pl_2','G664_pl_2','G664','Viernes2'),('G664_t1','G664_t1','G664','Lunes1'),('G664_t2','G664_t2','G664','Miercoles1'),('G665_t1','G665_t1','G665','Lunes2'),('G665_t2','G665_t2','G665','Miercoles2'),('G667_t1','G667_t1','G667','Miercoles3'),('G667_t2','G667_t2','G667','Jueves3'),('G669_t1','G669_t1','G669','Jueves4'),('G669_t2','G669_t2','G669','Jueves5'),('G669_t3','G669_t3','G669','Viernes2'),('G669_t4','G669_t4','G669','Viernes3'),('G66_t1','G66_t1','G66','Lunes3'),('G66_t2','G66_t2','G66','Martes3'),('G66_t3','G66_t3','G66','Miercoles3'),('G66_t4','G66_t4','G66','Jueves3'),('G671_t1','G671_t1','G671','Martes5'),('G671_t2','G671_t2','G671','Jueves5'),('G672_t1','G672_t1','G672','Martes5'),('G672_t2','G672_t2','G672','Viernes4'),('G673_t1','G673_t1','G673','Martes4'),('G673_t2','G673_t2','G673','Miercoles4'),('G67_t1','G67_t1','G67','Lunes3'),('G67_t2','G67_t2','G67','Lunes4'),('G67_t3','G67_t3','G67','Miercoles4'),('G67_t4','G67_t4','G67','Miercoles5'),('G67_t5','G67_t5','G67','Viernes4'),('G67_t6','G67_t6','G67','Viernes5'),('G681_t1','G681_t1','G681','Martes5'),('G686_t1','G686_t1','G686','Martes4'),('G686_t2','G686_t2','G686','Jueves4'),('G687_t1','G687_t1','G687','Lunes2'),('G687_t2','G687_t2','G687','Lunes3'),('G687_t3','G687_t3','G687','Martes3'),('G687_t4','G687_t4','G687','Miercoles2'),('G689_t1','G689_t1','G689','Lunes4'),('G689_t2','G689_t2','G689','Lunes5'),('G690_t1','G690_t1','G690','Lunes1'),('G690_t2','G690_t2','G690','Viernes1'),('G85_pa_1_a','G85_pa_1_a','G85','Martes5'),('G85_pa_1_b','G85_pa_1_b','G85','Jueves5'),('G85_t1','G85_t1','G85','Lunes1'),('G85_t2','G85_t2','G85','Miercoles3'),('G86_t1','G86_t1','G86','Lunes5'),('G86_t2','G86_t2','G86','Martes4'),('G86_t3','G86_t3','G86','Miercoles5'),('G86_t4','G86_t4','G86','Jueves4'),('G87_t1','G87_t1','G87','Lunes3'),('G87_t2','G87_t2','G87','Martes3'),('G87_t3','G87_t3','G87','Miercoles3'),('G87_t4','G87_t4','G87','Jueves3'),('G90_t1','G90_t1','G90','Lunes4'),('G90_t2','G90_t2','G90','Martes3'),('G90_t3','G90_t3','G90','Miercoles4'),('G90_t4','G90_t4','G90','Jueves3'),('G92_t1','G92_t1','G92','Martes10'),('G92_t2','G92_t2','G92','Miercoles5'),('G92_t3','G92_t3','G92','Miercoles10'),('G92_t4','G92_t4','G92','Jueves10'),('G96_t1','G96_t1','G96','Lunes2'),('G96_t2','G96_t2','G96','Martes1'),('G96_t3','G96_t3','G96','Jueves1'),('G96_t4','G96_t4','G96','Viernes2'),('G98_pl_1_a','G98_pl_1_a','G98','Miercoles1'),('G98_pl_1_b','G98_pl_1_b','G98','Miercoles2'),('G98_pl_2_a','G98_pl_2_a','G98','Viernes3'),('G98_pl_2_b','G98_pl_2_b','G98','Viernes4'),('G98_t1','G98_t1','G98','Martes2'),('G98_t2','G98_t2','G98','Jueves2');
/*!40000 ALTER TABLE `events_cuatrimestre2_1718` ENABLE KEYS */;
UNLOCK TABLES;

--
-- Table structure for table `events_need_resources`
--

DROP TABLE IF EXISTS `events_need_resources`;
/*!40101 SET @saved_cs_client     = @@character_set_client */;
/*!40101 SET character_set_client = utf8 */;
CREATE TABLE `events_need_resources` (
  `event` varchar(75) NOT NULL,
  `resource` varchar(75) NOT NULL,
  PRIMARY KEY (`event`,`resource`),
  KEY `resource` (`resource`),
  CONSTRAINT `events_need_resources_ibfk_1` FOREIGN KEY (`event`) REFERENCES `events` (`id`),
  CONSTRAINT `events_need_resources_ibfk_2` FOREIGN KEY (`resource`) REFERENCES `resources` (`id`)
) ENGINE=InnoDB DEFAULT CHARSET=utf8;
/*!40101 SET character_set_client = @saved_cs_client */;

--
-- Dumping data for table `events_need_resources`
--

LOCK TABLES `events_need_resources` WRITE;
/*!40000 ALTER TABLE `events_need_resources` DISABLE KEYS */;
/*!40000 ALTER TABLE `events_need_resources` ENABLE KEYS */;
UNLOCK TABLES;

--
-- Table structure for table `events_need_resources_c2_1718`
--

DROP TABLE IF EXISTS `events_need_resources_c2_1718`;
/*!40101 SET @saved_cs_client     = @@character_set_client */;
/*!40101 SET character_set_client = utf8 */;
CREATE TABLE `events_need_resources_c2_1718` (
  `event` varchar(75) NOT NULL,
  `resource` varchar(75) NOT NULL,
  PRIMARY KEY (`event`,`resource`),
  KEY `resource` (`resource`),
  CONSTRAINT `events_need_resources_c2_1718_ibfk_1` FOREIGN KEY (`event`) REFERENCES `events_cuatrimestre2_1718` (`id`),
  CONSTRAINT `events_need_resources_c2_1718_ibfk_2` FOREIGN KEY (`resource`) REFERENCES `resources` (`id`)
) ENGINE=InnoDB DEFAULT CHARSET=utf8;
/*!40101 SET character_set_client = @saved_cs_client */;

--
-- Dumping data for table `events_need_resources_c2_1718`
--

LOCK TABLES `events_need_resources_c2_1718` WRITE;
/*!40000 ALTER TABLE `events_need_resources_c2_1718` DISABLE KEYS */;
INSERT INTO `events_need_resources_c2_1718` VALUES ('G40_pa_2','adolfo_garandal_martin'),('G40_pl_45_a','adolfo_garandal_martin'),('G40_pl_45_b','adolfo_garandal_martin'),('G40_pl_6_a','adolfo_garandal_martin'),('G40_pl_6_b','adolfo_garandal_martin'),('G40_t1','adolfo_garandal_martin'),('G40_t2','adolfo_garandal_martin'),('G47_pl_12_a','adolfo_garandal_martin'),('G47_pl_12_b','adolfo_garandal_martin'),('G47_pl_3_a','adolfo_garandal_martin'),('G47_pl_3_b','adolfo_garandal_martin'),('G47_pl_4_a','adolfo_garandal_martin'),('G47_pl_4_b','adolfo_garandal_martin'),('G47_t1','adolfo_garandal_martin'),('G47_t2','adolfo_garandal_martin'),('G33_pl_a_1','alberto_ruiz_jimeno'),('G33_pl_a_2','alberto_ruiz_jimeno'),('G33_pl_a_3','alberto_ruiz_jimeno'),('G33_pl_b_1','alberto_ruiz_jimeno'),('G33_pl_b_2','alberto_ruiz_jimeno'),('G33_pl_b_3','alberto_ruiz_jimeno'),('G33_pl_c_1','alberto_ruiz_jimeno'),('G33_pl_c_2','alberto_ruiz_jimeno'),('G33_pl_c_3','alberto_ruiz_jimeno'),('G33_pl_d_1','alberto_ruiz_jimeno'),('G33_pl_d_2','alberto_ruiz_jimeno'),('G33_pl_d_3','alberto_ruiz_jimeno'),('G33_pl_e_1','alberto_ruiz_jimeno'),('G33_pl_e_2','alberto_ruiz_jimeno'),('G33_pl_e_3','alberto_ruiz_jimeno'),('G33_t1','alberto_ruiz_jimeno'),('G33_t2','alberto_ruiz_jimeno'),('G66_t1','alberto_ruiz_jimeno'),('G66_t2','alberto_ruiz_jimeno'),('G66_t3','alberto_ruiz_jimeno'),('G66_t4','alberto_ruiz_jimeno'),('G671_t1','alejandro_perez_ruiz'),('G671_t2','alejandro_perez_ruiz'),('G657_pa_2','alfonso_de_la_vega_ruiz'),('G657_pl_13_a','alfonso_de_la_vega_ruiz'),('G657_pl_13_b','alfonso_de_la_vega_ruiz'),('G657_pl_2_a','alfonso_de_la_vega_ruiz'),('G657_pl_2_b','alfonso_de_la_vega_ruiz'),('G657_t1','alfonso_de_la_vega_ruiz'),('G657_t2','alfonso_de_la_vega_ruiz'),('G1777_t1','alicia_calderon_tazon'),('G1777_t2','alicia_calderon_tazon'),('G1777_t3','alicia_calderon_tazon'),('G34_pl_ab_1','alvaro_gomez_gomez'),('G34_pl_ab_2','alvaro_gomez_gomez'),('G34_pl_ab_3','alvaro_gomez_gomez'),('G34_pl_cd_1','alvaro_gomez_gomez'),('G34_pl_cd_2','alvaro_gomez_gomez'),('G34_pl_cd_3','alvaro_gomez_gomez'),('G34_pl_e_1','alvaro_gomez_gomez'),('G34_pl_e_2','alvaro_gomez_gomez'),('G34_pl_e_3','alvaro_gomez_gomez'),('G34_t1','alvaro_gomez_gomez'),('G34_t2','alvaro_gomez_gomez'),('G34_t3','alvaro_gomez_gomez'),('G650_pa_2','alvaro_lopez_garcia'),('G650_pa_3','alvaro_lopez_garcia'),('G650_pl_12_a','alvaro_lopez_garcia'),('G650_pl_12_b','alvaro_lopez_garcia'),('G650_pl_3_a','alvaro_lopez_garcia'),('G650_pl_3_b','alvaro_lopez_garcia'),('G650_pl_4_a','alvaro_lopez_garcia'),('G650_pl_4_b','alvaro_lopez_garcia'),('G650_t1','alvaro_lopez_garcia'),('G650_t2','alvaro_lopez_garcia'),('G1776_t1','amalia_corral_ramos'),('G1776_t2','amalia_corral_ramos'),('G1776_t3','amalia_corral_ramos'),('G652_pa_1_a','ana_isabel_gomez_perez'),('G652_pa_1_b','ana_isabel_gomez_perez'),('G652_pa_2_a','ana_isabel_gomez_perez'),('G652_pa_2_b','ana_isabel_gomez_perez'),('G652_pl_1_a','ana_isabel_gomez_perez'),('G652_pl_1_b','ana_isabel_gomez_perez'),('G652_pl_2_a','ana_isabel_gomez_perez'),('G652_pl_2_b','ana_isabel_gomez_perez'),('G652_t1','ana_isabel_gomez_perez'),('G652_t2','ana_isabel_gomez_perez'),('G34_pl_ab_1','andres_prieto_gala'),('G34_pl_ab_2','andres_prieto_gala'),('G34_pl_ab_3','andres_prieto_gala'),('G34_pl_cd_1','andres_prieto_gala'),('G34_pl_cd_2','andres_prieto_gala'),('G34_pl_cd_3','andres_prieto_gala'),('G34_pl_e_1','andres_prieto_gala'),('G34_pl_e_2','andres_prieto_gala'),('G34_pl_e_3','andres_prieto_gala'),('G34_t1','andres_prieto_gala'),('G34_t2','andres_prieto_gala'),('G34_t3','andres_prieto_gala'),('G1778_t1','angela_inmaculada_barreda_gomez'),('G1778_t1','angel_alberto_valle_gutierrez'),('G33_pl_a_1','angel_mananes_perez'),('G33_pl_a_2','angel_mananes_perez'),('G33_pl_a_3','angel_mananes_perez'),('G33_pl_b_1','angel_mananes_perez'),('G33_pl_b_2','angel_mananes_perez'),('G33_pl_b_3','angel_mananes_perez'),('G33_pl_c_1','angel_mananes_perez'),('G33_pl_c_2','angel_mananes_perez'),('G33_pl_c_3','angel_mananes_perez'),('G33_pl_d_1','angel_mananes_perez'),('G33_pl_d_2','angel_mananes_perez'),('G33_pl_d_3','angel_mananes_perez'),('G33_pl_e_1','angel_mananes_perez'),('G33_pl_e_2','angel_mananes_perez'),('G33_pl_e_3','angel_mananes_perez'),('G33_t1','angel_mananes_perez'),('G33_t2','angel_mananes_perez'),('G48_pa_1_a','araceli_tuero_diaz'),('G48_pa_1_b','araceli_tuero_diaz'),('G48_pa_2_a','araceli_tuero_diaz'),('G48_pa_2_b','araceli_tuero_diaz'),('G48_pa_3_a','araceli_tuero_diaz'),('G48_pa_3_b','araceli_tuero_diaz'),('G48_pl_1','araceli_tuero_diaz'),('G48_t1','araceli_tuero_diaz'),('G48_t2','araceli_tuero_diaz'),('G260_t1','asier_salvadores_tascon'),('G260_t2','asier_salvadores_tascon'),('G260_t3','asier_salvadores_tascon'),('G260_t4','asier_salvadores_tascon'),('G264_t1','AULA_1'),('G264_t2','AULA_1'),('G264_t3','AULA_1'),('G264_t4','AULA_1'),('G265_t1','AULA_1'),('G265_t2','AULA_1'),('G267_t1','AULA_1'),('G267_t2','AULA_1'),('G270_t1','AULA_1'),('G270_t2','AULA_1'),('G270_t3','AULA_1'),('G270_t4','AULA_1'),('G271_t1','AULA_1'),('G271_t2','AULA_1'),('G646_t1','AULA_1'),('G646_t2','AULA_1'),('G650_t1','AULA_1'),('G650_t2','AULA_1'),('G652_t1','AULA_1'),('G652_t2','AULA_1'),('G657_t1','AULA_1'),('G657_t2','AULA_1'),('G660_t1','AULA_1'),('G660_t2','AULA_1'),('G671_t1','AULA_1'),('G671_t2','AULA_1'),('G265_pa_1','AULA_10'),('G265_pa_3','AULA_10'),('G646_pa_1_a','AULA_10'),('G646_pa_1_b','AULA_10'),('G646_pa_2_a','AULA_10'),('G646_pa_2_b','AULA_10'),('G650_pa_2','AULA_10'),('G650_pa_3','AULA_10'),('G652_pa_1_a','AULA_10'),('G652_pa_1_b','AULA_10'),('G652_pa_2_a','AULA_10'),('G652_pa_2_b','AULA_10'),('G657_pa_2','AULA_10'),('G660_pa_2','AULA_10'),('G51_t1','AULA_11'),('G51_t2','AULA_11'),('G51_t3','AULA_11'),('G51_t4','AULA_11'),('G55_t1','AULA_11'),('G55_t2','AULA_11'),('G55_t3','AULA_11'),('G55_t4','AULA_11'),('G63_t1','AULA_11'),('G63_t2','AULA_11'),('G63_t3','AULA_11'),('G63_t4','AULA_11'),('G85_pa_1_a','AULA_11'),('G85_pa_1_b','AULA_11'),('G86_t1','AULA_11'),('G86_t2','AULA_11'),('G86_t3','AULA_11'),('G86_t4','AULA_11'),('G90_t1','AULA_11'),('G90_t2','AULA_11'),('G90_t3','AULA_11'),('G90_t4','AULA_11'),('G119_t1','AULA_12'),('G119_t2','AULA_12'),('G119_t3','AULA_12'),('G119_t4','AULA_12'),('G1753_t2','AULA_12'),('G105_t1','AULA_13'),('G105_t2','AULA_13'),('G105_t3','AULA_13'),('G105_t4','AULA_13'),('G109_t1','AULA_13'),('G109_t2','AULA_13'),('G109_t4','AULA_13'),('G112_t1','AULA_13'),('G112_t2','AULA_13'),('G112_t3','AULA_13'),('G112_t4','AULA_13'),('G113_t1','AULA_13'),('G113_t3','AULA_13'),('G113_t4','AULA_13'),('G116_t1','AULA_13'),('G116_t2','AULA_13'),('G116_t3','AULA_13'),('G116_t4','AULA_13'),('G267_pa_1','AULA_15'),('G267_pa_2','AULA_15'),('G267_pa_3','AULA_15'),('G271_pa_2','AULA_15'),('G662_pa_2','AULA_15'),('G672_t1','AULA_15'),('G672_t2','AULA_15'),('G673_t1','AULA_15'),('G673_t2','AULA_15'),('G33_t1','AULA_2'),('G33_t2','AULA_2'),('G34_t1','AULA_2'),('G34_t2','AULA_2'),('G34_t3','AULA_2'),('G37_t1f','AULA_2'),('G37_t2f','AULA_2'),('G38_t1','AULA_2'),('G38_t2','AULA_2'),('G40_pa_2','AULA_2'),('G40_t1','AULA_2'),('G40_t2','AULA_2'),('G44_t1','AULA_2'),('G44_t2a','AULA_2'),('G44_t2b','AULA_2'),('G47_t1','AULA_2'),('G47_t2','AULA_2'),('G60_t1','AULA_2'),('G60_t2','AULA_2'),('G85_t1','AULA_2'),('G85_t2','AULA_2'),('G1662_t1','AULA_3'),('G1662_t2','AULA_3'),('G1662_t3','AULA_3'),('G1662_t4','AULA_3'),('G1828_t1','AULA_3'),('G1828_t2','AULA_3'),('G65_t_1_a','AULA_3'),('G65_t_1_b','AULA_3'),('G65_t_2_a','AULA_3'),('G65_t_2_b','AULA_3'),('G65_t_3_a','AULA_3'),('G65_t_3_b','AULA_3'),('G667_t1','AULA_3'),('G667_t2','AULA_3'),('G669_t1','AULA_3'),('G669_t2','AULA_3'),('G669_t3','AULA_3'),('G669_t4','AULA_3'),('G687_t1','AULA_3'),('G687_t2','AULA_3'),('G687_t3','AULA_3'),('G687_t4','AULA_3'),('G689_t1','AULA_3'),('G689_t2','AULA_3'),('G690_t1','AULA_3'),('G690_t2','AULA_3'),('G100_t1','AULA_4'),('G100_t2','AULA_4'),('G87_t1','AULA_4'),('G87_t2','AULA_4'),('G87_t3','AULA_4'),('G87_t4','AULA_4'),('G92_t1','AULA_4'),('G92_t2','AULA_4'),('G92_t3','AULA_4'),('G92_t4','AULA_4'),('G261_t1','AULA_5'),('G261_t2','AULA_5'),('G261_t3','AULA_5'),('G261_t4','AULA_5'),('G48_pa_1_a','AULA_5'),('G48_pa_1_b','AULA_5'),('G48_pa_2_a','AULA_5'),('G48_pa_2_b','AULA_5'),('G48_pa_3_a','AULA_5'),('G48_pa_3_b','AULA_5'),('G67_t1','AULA_6'),('G67_t2','AULA_6'),('G67_t3','AULA_6'),('G67_t4','AULA_6'),('G67_t5','AULA_6'),('G67_t6','AULA_6'),('G260_t1','AULA_7'),('G260_t2','AULA_7'),('G260_t3','AULA_7'),('G260_t4','AULA_7'),('G45_t1','AULA_7'),('G45_t2','AULA_7'),('G45_t3','AULA_7'),('G45_t4','AULA_7'),('G48_t1','AULA_7'),('G48_t2','AULA_7'),('G96_t1','AULA_7'),('G96_t2','AULA_7'),('G96_t3','AULA_7'),('G96_t4','AULA_7'),('G98_t1','AULA_7'),('G98_t2','AULA_7'),('G57_t1','AULA_8'),('G57_t2','AULA_8'),('G57_t3','AULA_8'),('G57_t4','AULA_8'),('G58_t1','AULA_8'),('G58_t2','AULA_8'),('G58_t3','AULA_8'),('G58_t4','AULA_8'),('G60_pa_2_a','AULA_8'),('G60_pa_2_b','AULA_8'),('G66_t1','AULA_8'),('G66_t2','AULA_8'),('G66_t3','AULA_8'),('G66_t4','AULA_8'),('G37_pa_1_a','AULA_9'),('G37_pa_1_b','AULA_9'),('G37_pa_2_a','AULA_9'),('G37_pa_2_b','AULA_9'),('G44_pa_1_a','AULA_9'),('G44_pa_1_b','AULA_9'),('G44_pa_1_c','AULA_9'),('G44_pa_2_a','AULA_9'),('G44_pa_2_b','AULA_9'),('G44_pa_2_c','AULA_9'),('G667_t1','AULA_9'),('G667_t2','AULA_9'),('G37_pa_1_a','beatriz_porras_pomares'),('G37_pa_1_b','beatriz_porras_pomares'),('G37_pa_2_a','beatriz_porras_pomares'),('G37_pa_2_b','beatriz_porras_pomares'),('G37_t1f','beatriz_porras_pomares'),('G37_t2f','beatriz_porras_pomares'),('G650_pa_2','borja_perez_pavon'),('G650_pa_3','borja_perez_pavon'),('G650_pl_12_a','borja_perez_pavon'),('G650_pl_12_b','borja_perez_pavon'),('G650_pl_3_a','borja_perez_pavon'),('G650_pl_3_b','borja_perez_pavon'),('G650_pl_4_a','borja_perez_pavon'),('G650_pl_4_b','borja_perez_pavon'),('G650_t1','borja_perez_pavon'),('G650_t2','borja_perez_pavon'),('G1753_t2','carlos_beltran_alvarez'),('G264_t1','carlos_beltran_alvarez'),('G264_t2','carlos_beltran_alvarez'),('G264_t3','carlos_beltran_alvarez'),('G264_t4','carlos_beltran_alvarez'),('G44_pa_1_a','carlos_beltran_alvarez'),('G44_pa_1_b','carlos_beltran_alvarez'),('G44_pa_1_c','carlos_beltran_alvarez'),('G44_pa_2_a','carlos_beltran_alvarez'),('G44_pa_2_b','carlos_beltran_alvarez'),('G44_t1','carlos_beltran_alvarez'),('G44_t2a','carlos_beltran_alvarez'),('G659_pa_1','carlos_blanco_bueno'),('G659_t1','carlos_blanco_bueno'),('G659_t2','carlos_blanco_bueno'),('G669_t1','carlos_blanco_bueno'),('G669_t2','carlos_blanco_bueno'),('G669_t3','carlos_blanco_bueno'),('G669_t4','carlos_blanco_bueno'),('G671_t1','carlos_blanco_bueno'),('G671_t2','carlos_blanco_bueno'),('G33_pl_a_1','Class1_FISICA_PLACEHOLDER'),('G33_pl_a_2','Class1_FISICA_PLACEHOLDER'),('G33_pl_a_3','Class1_FISICA_PLACEHOLDER'),('G33_pl_b_1','Class1_FISICA_PLACEHOLDER'),('G33_pl_b_2','Class1_FISICA_PLACEHOLDER'),('G33_pl_b_3','Class1_FISICA_PLACEHOLDER'),('G33_pl_c_1','Class1_FISICA_PLACEHOLDER'),('G33_pl_c_2','Class1_FISICA_PLACEHOLDER'),('G33_pl_c_3','Class1_FISICA_PLACEHOLDER'),('G33_pl_d_1','Class1_FISICA_PLACEHOLDER'),('G33_pl_d_2','Class1_FISICA_PLACEHOLDER'),('G33_pl_d_3','Class1_FISICA_PLACEHOLDER'),('G33_pl_e_1','Class1_FISICA_PLACEHOLDER'),('G33_pl_e_2','Class1_FISICA_PLACEHOLDER'),('G33_pl_e_3','Class1_FISICA_PLACEHOLDER'),('G33_t1','Class1_FISICA_PLACEHOLDER'),('G33_t2','Class1_FISICA_PLACEHOLDER'),('G34_pl_ab_1','Class1_FISICA_PLACEHOLDER'),('G34_pl_ab_2','Class1_FISICA_PLACEHOLDER'),('G34_pl_ab_3','Class1_FISICA_PLACEHOLDER'),('G34_pl_cd_1','Class1_FISICA_PLACEHOLDER'),('G34_pl_cd_2','Class1_FISICA_PLACEHOLDER'),('G34_pl_cd_3','Class1_FISICA_PLACEHOLDER'),('G34_pl_e_1','Class1_FISICA_PLACEHOLDER'),('G34_pl_e_2','Class1_FISICA_PLACEHOLDER'),('G34_pl_e_3','Class1_FISICA_PLACEHOLDER'),('G34_t1','Class1_FISICA_PLACEHOLDER'),('G34_t2','Class1_FISICA_PLACEHOLDER'),('G34_t3','Class1_FISICA_PLACEHOLDER'),('G37_pa_1_a','Class1_FISICA_PLACEHOLDER'),('G37_pa_1_b','Class1_FISICA_PLACEHOLDER'),('G37_pa_2_a','Class1_FISICA_PLACEHOLDER'),('G37_pa_2_b','Class1_FISICA_PLACEHOLDER'),('G37_t1f','Class1_FISICA_PLACEHOLDER'),('G37_t2f','Class1_FISICA_PLACEHOLDER'),('G38_pmult_a_1','Class1_FISICA_PLACEHOLDER'),('G38_pmult_a_2','Class1_FISICA_PLACEHOLDER'),('G38_pmult_b_1','Class1_FISICA_PLACEHOLDER'),('G38_pmult_b_2','Class1_FISICA_PLACEHOLDER'),('G38_pmult_c_1','Class1_FISICA_PLACEHOLDER'),('G38_pmult_c_2','Class1_FISICA_PLACEHOLDER'),('G38_t1','Class1_FISICA_PLACEHOLDER'),('G38_t2','Class1_FISICA_PLACEHOLDER'),('G40_pa_2','Class1_FISICA_PLACEHOLDER'),('G40_pl_45_a','Class1_FISICA_PLACEHOLDER'),('G40_pl_45_b','Class1_FISICA_PLACEHOLDER'),('G40_pl_6_a','Class1_FISICA_PLACEHOLDER'),('G40_pl_6_b','Class1_FISICA_PLACEHOLDER'),('G40_t1','Class1_FISICA_PLACEHOLDER'),('G40_t2','Class1_FISICA_PLACEHOLDER'),('G264_t1','Class1_INFORMATICA_PLACEHOLDER'),('G264_t2','Class1_INFORMATICA_PLACEHOLDER'),('G264_t3','Class1_INFORMATICA_PLACEHOLDER'),('G264_t4','Class1_INFORMATICA_PLACEHOLDER'),('G265_pa_1','Class1_INFORMATICA_PLACEHOLDER'),('G265_pa_3','Class1_INFORMATICA_PLACEHOLDER'),('G265_pl_1_a','Class1_INFORMATICA_PLACEHOLDER'),('G265_pl_1_b','Class1_INFORMATICA_PLACEHOLDER'),('G265_pl_2_a','Class1_INFORMATICA_PLACEHOLDER'),('G265_pl_2_b','Class1_INFORMATICA_PLACEHOLDER'),('G265_t1','Class1_INFORMATICA_PLACEHOLDER'),('G265_t2','Class1_INFORMATICA_PLACEHOLDER'),('G267_pa_1','Class1_INFORMATICA_PLACEHOLDER'),('G267_pa_2','Class1_INFORMATICA_PLACEHOLDER'),('G267_pa_3','Class1_INFORMATICA_PLACEHOLDER'),('G267_pl_12_a','Class1_INFORMATICA_PLACEHOLDER'),('G267_pl_12_b','Class1_INFORMATICA_PLACEHOLDER'),('G267_pl_34_b','Class1_INFORMATICA_PLACEHOLDER'),('G267_t1','Class1_INFORMATICA_PLACEHOLDER'),('G267_t2','Class1_INFORMATICA_PLACEHOLDER'),('G270_t1','Class1_INFORMATICA_PLACEHOLDER'),('G270_t2','Class1_INFORMATICA_PLACEHOLDER'),('G270_t3','Class1_INFORMATICA_PLACEHOLDER'),('G270_t4','Class1_INFORMATICA_PLACEHOLDER'),('G271_pa_2','Class1_INFORMATICA_PLACEHOLDER'),('G271_pl_12_a','Class1_INFORMATICA_PLACEHOLDER'),('G271_pl_12_b','Class1_INFORMATICA_PLACEHOLDER'),('G271_pl_34_a','Class1_INFORMATICA_PLACEHOLDER'),('G271_pl_34_b','Class1_INFORMATICA_PLACEHOLDER'),('G271_t1','Class1_INFORMATICA_PLACEHOLDER'),('G271_t2','Class1_INFORMATICA_PLACEHOLDER'),('G260_t1','Class1_MATEMATICAS_PLACEHOLDER'),('G260_t2','Class1_MATEMATICAS_PLACEHOLDER'),('G260_t3','Class1_MATEMATICAS_PLACEHOLDER'),('G260_t4','Class1_MATEMATICAS_PLACEHOLDER'),('G44_pa_1_a','Class1_MATEMATICAS_PLACEHOLDER'),('G44_pa_1_b','Class1_MATEMATICAS_PLACEHOLDER'),('G44_pa_1_c','Class1_MATEMATICAS_PLACEHOLDER'),('G44_pa_2_a','Class1_MATEMATICAS_PLACEHOLDER'),('G44_pa_2_b','Class1_MATEMATICAS_PLACEHOLDER'),('G44_t1','Class1_MATEMATICAS_PLACEHOLDER'),('G44_t2a','Class1_MATEMATICAS_PLACEHOLDER'),('G45_t1','Class1_MATEMATICAS_PLACEHOLDER'),('G45_t2','Class1_MATEMATICAS_PLACEHOLDER'),('G45_t3','Class1_MATEMATICAS_PLACEHOLDER'),('G45_t4','Class1_MATEMATICAS_PLACEHOLDER'),('G47_pl_12_a','Class1_MATEMATICAS_PLACEHOLDER'),('G47_pl_12_b','Class1_MATEMATICAS_PLACEHOLDER'),('G47_pl_3_a','Class1_MATEMATICAS_PLACEHOLDER'),('G47_pl_3_b','Class1_MATEMATICAS_PLACEHOLDER'),('G47_pl_4_a','Class1_MATEMATICAS_PLACEHOLDER'),('G47_pl_4_b','Class1_MATEMATICAS_PLACEHOLDER'),('G47_t1','Class1_MATEMATICAS_PLACEHOLDER'),('G47_t2','Class1_MATEMATICAS_PLACEHOLDER'),('G48_pa_1_a','Class1_MATEMATICAS_PLACEHOLDER'),('G48_pa_1_b','Class1_MATEMATICAS_PLACEHOLDER'),('G48_pa_2_a','Class1_MATEMATICAS_PLACEHOLDER'),('G48_pa_2_b','Class1_MATEMATICAS_PLACEHOLDER'),('G48_pa_3_a','Class1_MATEMATICAS_PLACEHOLDER'),('G48_pa_3_b','Class1_MATEMATICAS_PLACEHOLDER'),('G48_pl_1','Class1_MATEMATICAS_PLACEHOLDER'),('G48_t1','Class1_MATEMATICAS_PLACEHOLDER'),('G48_t2','Class1_MATEMATICAS_PLACEHOLDER'),('G261_t1','Class2_FISICA_PLACEHOLDER'),('G261_t2','Class2_FISICA_PLACEHOLDER'),('G261_t3','Class2_FISICA_PLACEHOLDER'),('G261_t4','Class2_FISICA_PLACEHOLDER'),('G51_t1','Class2_FISICA_PLACEHOLDER'),('G51_t2','Class2_FISICA_PLACEHOLDER'),('G51_t3','Class2_FISICA_PLACEHOLDER'),('G51_t4','Class2_FISICA_PLACEHOLDER'),('G55_t1','Class2_FISICA_PLACEHOLDER'),('G55_t2','Class2_FISICA_PLACEHOLDER'),('G55_t3','Class2_FISICA_PLACEHOLDER'),('G55_t4','Class2_FISICA_PLACEHOLDER'),('G60_pa_2_a','Class2_FISICA_PLACEHOLDER'),('G60_pa_2_b','Class2_FISICA_PLACEHOLDER'),('G60_t1','Class2_FISICA_PLACEHOLDER'),('G60_t2','Class2_FISICA_PLACEHOLDER'),('G63_pl_2_a','Class2_FISICA_PLACEHOLDER'),('G63_pl_2_b','Class2_FISICA_PLACEHOLDER'),('G63_pl_2_c','Class2_FISICA_PLACEHOLDER'),('G63_pl_2_d','Class2_FISICA_PLACEHOLDER'),('G63_t1','Class2_FISICA_PLACEHOLDER'),('G63_t2','Class2_FISICA_PLACEHOLDER'),('G63_t3','Class2_FISICA_PLACEHOLDER'),('G63_t4','Class2_FISICA_PLACEHOLDER'),('G646_pa_1_a','Class2_INFORMATICA_PLACEHOLDER'),('G646_pa_1_b','Class2_INFORMATICA_PLACEHOLDER'),('G646_pa_2_a','Class2_INFORMATICA_PLACEHOLDER'),('G646_pa_2_b','Class2_INFORMATICA_PLACEHOLDER'),('G646_t1','Class2_INFORMATICA_PLACEHOLDER'),('G646_t2','Class2_INFORMATICA_PLACEHOLDER'),('G650_pa_2','Class2_INFORMATICA_PLACEHOLDER'),('G650_pa_3','Class2_INFORMATICA_PLACEHOLDER'),('G650_pl_12_a','Class2_INFORMATICA_PLACEHOLDER'),('G650_pl_12_b','Class2_INFORMATICA_PLACEHOLDER'),('G650_pl_3_a','Class2_INFORMATICA_PLACEHOLDER'),('G650_pl_3_b','Class2_INFORMATICA_PLACEHOLDER'),('G650_pl_4_a','Class2_INFORMATICA_PLACEHOLDER'),('G650_pl_4_b','Class2_INFORMATICA_PLACEHOLDER'),('G650_t1','Class2_INFORMATICA_PLACEHOLDER'),('G650_t2','Class2_INFORMATICA_PLACEHOLDER'),('G652_pa_1_a','Class2_INFORMATICA_PLACEHOLDER'),('G652_pa_1_b','Class2_INFORMATICA_PLACEHOLDER'),('G652_pa_2_a','Class2_INFORMATICA_PLACEHOLDER'),('G652_pa_2_b','Class2_INFORMATICA_PLACEHOLDER'),('G652_pl_1_a','Class2_INFORMATICA_PLACEHOLDER'),('G652_pl_1_b','Class2_INFORMATICA_PLACEHOLDER'),('G652_pl_2_a','Class2_INFORMATICA_PLACEHOLDER'),('G652_pl_2_b','Class2_INFORMATICA_PLACEHOLDER'),('G652_t1','Class2_INFORMATICA_PLACEHOLDER'),('G652_t2','Class2_INFORMATICA_PLACEHOLDER'),('G657_pa_2','Class2_INFORMATICA_PLACEHOLDER'),('G657_pl_13_a','Class2_INFORMATICA_PLACEHOLDER'),('G657_pl_13_b','Class2_INFORMATICA_PLACEHOLDER'),('G657_pl_2_a','Class2_INFORMATICA_PLACEHOLDER'),('G657_pl_2_b','Class2_INFORMATICA_PLACEHOLDER'),('G657_t1','Class2_INFORMATICA_PLACEHOLDER'),('G657_t2','Class2_INFORMATICA_PLACEHOLDER'),('G660_pa_2','Class2_INFORMATICA_PLACEHOLDER'),('G660_t1','Class2_INFORMATICA_PLACEHOLDER'),('G660_t2','Class2_INFORMATICA_PLACEHOLDER'),('G85_pa_1_a','Class2_MATEMATICAS_PLACEHOLDER'),('G85_pa_1_b','Class2_MATEMATICAS_PLACEHOLDER'),('G85_t1','Class2_MATEMATICAS_PLACEHOLDER'),('G85_t2','Class2_MATEMATICAS_PLACEHOLDER'),('G86_t1','Class2_MATEMATICAS_PLACEHOLDER'),('G86_t2','Class2_MATEMATICAS_PLACEHOLDER'),('G86_t3','Class2_MATEMATICAS_PLACEHOLDER'),('G86_t4','Class2_MATEMATICAS_PLACEHOLDER'),('G90_t1','Class2_MATEMATICAS_PLACEHOLDER'),('G90_t2','Class2_MATEMATICAS_PLACEHOLDER'),('G90_t3','Class2_MATEMATICAS_PLACEHOLDER'),('G90_t4','Class2_MATEMATICAS_PLACEHOLDER'),('G96_t1','Class2_MATEMATICAS_PLACEHOLDER'),('G96_t2','Class2_MATEMATICAS_PLACEHOLDER'),('G96_t3','Class2_MATEMATICAS_PLACEHOLDER'),('G96_t4','Class2_MATEMATICAS_PLACEHOLDER'),('G98_pl_1_a','Class2_MATEMATICAS_PLACEHOLDER'),('G98_pl_1_b','Class2_MATEMATICAS_PLACEHOLDER'),('G98_pl_2_a','Class2_MATEMATICAS_PLACEHOLDER'),('G98_pl_2_b','Class2_MATEMATICAS_PLACEHOLDER'),('G98_t1','Class2_MATEMATICAS_PLACEHOLDER'),('G98_t2','Class2_MATEMATICAS_PLACEHOLDER'),('G57_t1','Class3_FISICA_PLACEHOLDER'),('G57_t2','Class3_FISICA_PLACEHOLDER'),('G57_t3','Class3_FISICA_PLACEHOLDER'),('G57_t4','Class3_FISICA_PLACEHOLDER'),('G58_t1','Class3_FISICA_PLACEHOLDER'),('G58_t2','Class3_FISICA_PLACEHOLDER'),('G58_t3','Class3_FISICA_PLACEHOLDER'),('G58_t4','Class3_FISICA_PLACEHOLDER'),('G64_pl_1_a','Class3_FISICA_PLACEHOLDER'),('G64_pl_1_b','Class3_FISICA_PLACEHOLDER'),('G64_pl_1_c','Class3_FISICA_PLACEHOLDER'),('G64_pl_1_d','Class3_FISICA_PLACEHOLDER'),('G64_pl_2_a','Class3_FISICA_PLACEHOLDER'),('G64_pl_2_b','Class3_FISICA_PLACEHOLDER'),('G64_pl_2_c','Class3_FISICA_PLACEHOLDER'),('G64_pl_2_d','Class3_FISICA_PLACEHOLDER'),('G65_t_1_a','Class3_FISICA_PLACEHOLDER'),('G65_t_1_b','Class3_FISICA_PLACEHOLDER'),('G65_t_2_a','Class3_FISICA_PLACEHOLDER'),('G65_t_2_b','Class3_FISICA_PLACEHOLDER'),('G65_t_3_a','Class3_FISICA_PLACEHOLDER'),('G65_t_3_b','Class3_FISICA_PLACEHOLDER'),('G66_t1','Class3_FISICA_PLACEHOLDER'),('G66_t2','Class3_FISICA_PLACEHOLDER'),('G66_t3','Class3_FISICA_PLACEHOLDER'),('G66_t4','Class3_FISICA_PLACEHOLDER'),('G659_pa_1','Class3_INFORMATICA_PLACEHOLDER'),('G659_t1','Class3_INFORMATICA_PLACEHOLDER'),('G659_t2','Class3_INFORMATICA_PLACEHOLDER'),('G662_pa_2','Class3_INFORMATICA_PLACEHOLDER'),('G662_t1','Class3_INFORMATICA_PLACEHOLDER'),('G662_t2','Class3_INFORMATICA_PLACEHOLDER'),('G663_t1','Class3_INFORMATICA_PLACEHOLDER'),('G664_pl_1','Class3_INFORMATICA_PLACEHOLDER'),('G664_pl_2','Class3_INFORMATICA_PLACEHOLDER'),('G664_t1','Class3_INFORMATICA_PLACEHOLDER'),('G664_t2','Class3_INFORMATICA_PLACEHOLDER'),('G665_t1','Class3_INFORMATICA_PLACEHOLDER'),('G665_t2','Class3_INFORMATICA_PLACEHOLDER'),('G672_t1','Class3_INFORMATICA_PLACEHOLDER'),('G672_t2','Class3_INFORMATICA_PLACEHOLDER'),('G673_t1','Class3_INFORMATICA_PLACEHOLDER'),('G673_t2','Class3_INFORMATICA_PLACEHOLDER'),('G681_t1','Class3_INFORMATICA_PLACEHOLDER'),('G686_t1','Class3_INFORMATICA_PLACEHOLDER'),('G686_t2','Class3_INFORMATICA_PLACEHOLDER'),('G100_pl_1_a','Class3_MATEMATICAS_PLACEHOLDER'),('G100_pl_1_b','Class3_MATEMATICAS_PLACEHOLDER'),('G100_pl_2_a','Class3_MATEMATICAS_PLACEHOLDER'),('G100_pl_2_b','Class3_MATEMATICAS_PLACEHOLDER'),('G100_t1','Class3_MATEMATICAS_PLACEHOLDER'),('G100_t2','Class3_MATEMATICAS_PLACEHOLDER'),('G102_pl_1','Class3_MATEMATICAS_PLACEHOLDER'),('G102_pl_2','Class3_MATEMATICAS_PLACEHOLDER'),('G102_pl_3','Class3_MATEMATICAS_PLACEHOLDER'),('G102_pl_4','Class3_MATEMATICAS_PLACEHOLDER'),('G87_t1','Class3_MATEMATICAS_PLACEHOLDER'),('G87_t2','Class3_MATEMATICAS_PLACEHOLDER'),('G87_t3','Class3_MATEMATICAS_PLACEHOLDER'),('G87_t4','Class3_MATEMATICAS_PLACEHOLDER'),('G92_t1','Class3_MATEMATICAS_PLACEHOLDER'),('G92_t2','Class3_MATEMATICAS_PLACEHOLDER'),('G92_t3','Class3_MATEMATICAS_PLACEHOLDER'),('G92_t4','Class3_MATEMATICAS_PLACEHOLDER'),('G1776_t1','Class4_FISICA_PLACEHOLDER'),('G1776_t2','Class4_FISICA_PLACEHOLDER'),('G1776_t3','Class4_FISICA_PLACEHOLDER'),('G1777_t1','Class4_FISICA_PLACEHOLDER'),('G1777_t2','Class4_FISICA_PLACEHOLDER'),('G1777_t3','Class4_FISICA_PLACEHOLDER'),('G1778_t1','Class4_FISICA_PLACEHOLDER'),('G1779_t1','Class4_FISICA_PLACEHOLDER'),('G1779_t2','Class4_FISICA_PLACEHOLDER'),('G1779_t3','Class4_FISICA_PLACEHOLDER'),('G1779_t4','Class4_FISICA_PLACEHOLDER'),('G67_t1','Class4_FISICA_PLACEHOLDER'),('G67_t2','Class4_FISICA_PLACEHOLDER'),('G67_t3','Class4_FISICA_PLACEHOLDER'),('G67_t4','Class4_FISICA_PLACEHOLDER'),('G67_t5','Class4_FISICA_PLACEHOLDER'),('G67_t6','Class4_FISICA_PLACEHOLDER'),('G1662_t1','Class4_INFORMATICA_PLACEHOLDER'),('G1662_t2','Class4_INFORMATICA_PLACEHOLDER'),('G1662_t3','Class4_INFORMATICA_PLACEHOLDER'),('G1662_t4','Class4_INFORMATICA_PLACEHOLDER'),('G1828_t1','Class4_INFORMATICA_PLACEHOLDER'),('G1828_t2','Class4_INFORMATICA_PLACEHOLDER'),('G667_t1','Class4_INFORMATICA_PLACEHOLDER'),('G667_t2','Class4_INFORMATICA_PLACEHOLDER'),('G669_t1','Class4_INFORMATICA_PLACEHOLDER'),('G669_t2','Class4_INFORMATICA_PLACEHOLDER'),('G669_t3','Class4_INFORMATICA_PLACEHOLDER'),('G669_t4','Class4_INFORMATICA_PLACEHOLDER'),('G687_t1','Class4_INFORMATICA_PLACEHOLDER'),('G687_t2','Class4_INFORMATICA_PLACEHOLDER'),('G687_t3','Class4_INFORMATICA_PLACEHOLDER'),('G687_t4','Class4_INFORMATICA_PLACEHOLDER'),('G689_t1','Class4_INFORMATICA_PLACEHOLDER'),('G689_t2','Class4_INFORMATICA_PLACEHOLDER'),('G690_t1','Class4_INFORMATICA_PLACEHOLDER'),('G690_t2','Class4_INFORMATICA_PLACEHOLDER'),('G105_t1','Class4_MATEMATICAS_PLACEHOLDER'),('G105_t2','Class4_MATEMATICAS_PLACEHOLDER'),('G105_t3','Class4_MATEMATICAS_PLACEHOLDER'),('G105_t4','Class4_MATEMATICAS_PLACEHOLDER'),('G109_t1','Class4_MATEMATICAS_PLACEHOLDER'),('G109_t2','Class4_MATEMATICAS_PLACEHOLDER'),('G109_t4','Class4_MATEMATICAS_PLACEHOLDER'),('G112_t1','Class4_MATEMATICAS_PLACEHOLDER'),('G112_t2','Class4_MATEMATICAS_PLACEHOLDER'),('G112_t3','Class4_MATEMATICAS_PLACEHOLDER'),('G112_t4','Class4_MATEMATICAS_PLACEHOLDER'),('G113_t1','Class4_MATEMATICAS_PLACEHOLDER'),('G113_t3','Class4_MATEMATICAS_PLACEHOLDER'),('G113_t4','Class4_MATEMATICAS_PLACEHOLDER'),('G116_t1','Class4_MATEMATICAS_PLACEHOLDER'),('G116_t2','Class4_MATEMATICAS_PLACEHOLDER'),('G116_t3','Class4_MATEMATICAS_PLACEHOLDER'),('G116_t4','Class4_MATEMATICAS_PLACEHOLDER'),('G119_t1','Class4_MATEMATICAS_PLACEHOLDER'),('G119_t2','Class4_MATEMATICAS_PLACEHOLDER'),('G119_t3','Class4_MATEMATICAS_PLACEHOLDER'),('G119_t4','Class4_MATEMATICAS_PLACEHOLDER'),('G1753_t2','Class4_MATEMATICAS_PLACEHOLDER'),('G652_t1','Class4_MATEMATICAS_PLACEHOLDER'),('G652_t2','Class4_MATEMATICAS_PLACEHOLDER'),('G671_t1','Class4_MATEMATICAS_PLACEHOLDER'),('G671_t2','Class4_MATEMATICAS_PLACEHOLDER'),('G686_t1','cristina_tirnauca'),('G686_t2','cristina_tirnauca'),('G687_t1','cristina_tirnauca'),('G687_t2','cristina_tirnauca'),('G687_t3','cristina_tirnauca'),('G687_t4','cristina_tirnauca'),('G116_t1','daniel_sadornil_renedo'),('G116_t2','daniel_sadornil_renedo'),('G116_t3','daniel_sadornil_renedo'),('G116_t4','daniel_sadornil_renedo'),('G45_t1','demetrio_dominguez_plata'),('G45_t2','demetrio_dominguez_plata'),('G45_t3','demetrio_dominguez_plata'),('G45_t4','demetrio_dominguez_plata'),('G96_t1','demetrio_dominguez_plata'),('G96_t2','demetrio_dominguez_plata'),('G96_t3','demetrio_dominguez_plata'),('G96_t4','demetrio_dominguez_plata'),('G657_pa_2','diego_garcia_saiz'),('G657_pl_13_a','diego_garcia_saiz'),('G657_pl_13_b','diego_garcia_saiz'),('G657_pl_2_a','diego_garcia_saiz'),('G657_pl_2_b','diego_garcia_saiz'),('G657_t1','diego_garcia_saiz'),('G657_t2','diego_garcia_saiz'),('G1776_t1','diego_herranz_munoz'),('G1776_t2','diego_herranz_munoz'),('G1776_t3','diego_herranz_munoz'),('G55_t1','diego_herranz_munoz'),('G55_t2','diego_herranz_munoz'),('G55_t3','diego_herranz_munoz'),('G55_t4','diego_herranz_munoz'),('G1662_t1','domingo_gomez_perez'),('G1662_t2','domingo_gomez_perez'),('G1662_t3','domingo_gomez_perez'),('G1662_t4','domingo_gomez_perez'),('G652_pa_1_a','domingo_gomez_perez'),('G652_pa_1_b','domingo_gomez_perez'),('G652_pa_2_a','domingo_gomez_perez'),('G652_pa_2_b','domingo_gomez_perez'),('G652_pl_1_a','domingo_gomez_perez'),('G652_pl_1_b','domingo_gomez_perez'),('G652_pl_2_a','domingo_gomez_perez'),('G652_pl_2_b','domingo_gomez_perez'),('G652_t1','domingo_gomez_perez'),('G652_t2','domingo_gomez_perez'),('G681_t1','domingo_gomez_perez'),('G662_pa_2','eduardo_garcia_torre'),('G662_t1','eduardo_garcia_torre'),('G662_t2','eduardo_garcia_torre'),('G689_t1','eliana_rocio_rocha_blanco'),('G689_t2','eliana_rocio_rocha_blanco'),('G1828_t1','enrique_vallejo_gutierrez'),('G1828_t2','enrique_vallejo_gutierrez'),('G662_pa_2','enrique_vallejo_gutierrez'),('G662_t1','enrique_vallejo_gutierrez'),('G662_t2','enrique_vallejo_gutierrez'),('G51_t1','ernesto_anabitarte_cano'),('G51_t2','ernesto_anabitarte_cano'),('G51_t3','ernesto_anabitarte_cano'),('G51_t4','ernesto_anabitarte_cano'),('G66_t1','ernesto_anabitarte_cano'),('G66_t2','ernesto_anabitarte_cano'),('G66_t3','ernesto_anabitarte_cano'),('G66_t4','ernesto_anabitarte_cano'),('G1828_t1','esteban_stafford_fernandez'),('G1828_t2','esteban_stafford_fernandez'),('G1779_t1','fernando_aguado_menendez'),('G1779_t2','fernando_aguado_menendez'),('G1779_t3','fernando_aguado_menendez'),('G1779_t4','fernando_aguado_menendez'),('G65_t_1_a','fernando_aguado_menendez'),('G65_t_1_b','fernando_aguado_menendez'),('G65_t_2_a','fernando_aguado_menendez'),('G65_t_2_b','fernando_aguado_menendez'),('G65_t_3_a','fernando_aguado_menendez'),('G65_t_3_b','fernando_aguado_menendez'),('G102_pl_1','fernando_etayo_gordejuela'),('G102_pl_2','fernando_etayo_gordejuela'),('G102_pl_3','fernando_etayo_gordejuela'),('G102_pl_4','fernando_etayo_gordejuela'),('G112_t1','fernando_etayo_gordejuela'),('G112_t2','fernando_etayo_gordejuela'),('G112_t3','fernando_etayo_gordejuela'),('G112_t4','fernando_etayo_gordejuela'),('G1778_t1','fernando_moreno_gracia'),('G1779_t1','fernando_rodriguez_gonzalez'),('G1779_t2','fernando_rodriguez_gonzalez'),('G1779_t3','fernando_rodriguez_gonzalez'),('G1779_t4','fernando_rodriguez_gonzalez'),('G65_t_1_a','fernando_rodriguez_gonzalez'),('G65_t_1_b','fernando_rodriguez_gonzalez'),('G65_t_2_a','fernando_rodriguez_gonzalez'),('G65_t_2_b','fernando_rodriguez_gonzalez'),('G65_t_3_a','fernando_rodriguez_gonzalez'),('G65_t_3_b','fernando_rodriguez_gonzalez'),('G1776_t1','francisco_jesus_carrera_troyano'),('G1776_t2','francisco_jesus_carrera_troyano'),('G1776_t3','francisco_jesus_carrera_troyano'),('G66_t1','francisco_jesus_carrera_troyano'),('G66_t2','francisco_jesus_carrera_troyano'),('G66_t3','francisco_jesus_carrera_troyano'),('G66_t4','francisco_jesus_carrera_troyano'),('G1777_t1','francisco_matorras_weinig'),('G1777_t2','francisco_matorras_weinig'),('G1777_t3','francisco_matorras_weinig'),('G261_t1','gema_tejeria_alonso'),('G261_t2','gema_tejeria_alonso'),('G261_t3','gema_tejeria_alonso'),('G261_t4','gema_tejeria_alonso'),('G271_pa_2','hector_perez_tijero'),('G271_pl_12_a','hector_perez_tijero'),('G271_pl_12_b','hector_perez_tijero'),('G271_pl_34_a','hector_perez_tijero'),('G271_pl_34_b','hector_perez_tijero'),('G271_t1','hector_perez_tijero'),('G271_t2','hector_perez_tijero'),('G662_pa_2','hector_perez_tijero'),('G662_t1','hector_perez_tijero'),('G662_t2','hector_perez_tijero'),('G673_t1','hector_perez_tijero'),('G673_t2','hector_perez_tijero'),('G119_t1','ignacio_gonzalez_ruiz'),('G119_t2','ignacio_gonzalez_ruiz'),('G119_t3','ignacio_gonzalez_ruiz'),('G119_t4','ignacio_gonzalez_ruiz'),('G1779_t1','ignacio_hernandez_campo'),('G1779_t2','ignacio_hernandez_campo'),('G1779_t3','ignacio_hernandez_campo'),('G1779_t4','ignacio_hernandez_campo'),('G33_pl_a_1','ignacio_hernandez_campo'),('G33_pl_a_2','ignacio_hernandez_campo'),('G33_pl_a_3','ignacio_hernandez_campo'),('G33_pl_b_1','ignacio_hernandez_campo'),('G33_pl_b_2','ignacio_hernandez_campo'),('G33_pl_b_3','ignacio_hernandez_campo'),('G33_pl_c_1','ignacio_hernandez_campo'),('G33_pl_c_2','ignacio_hernandez_campo'),('G33_pl_c_3','ignacio_hernandez_campo'),('G33_pl_d_1','ignacio_hernandez_campo'),('G33_pl_d_2','ignacio_hernandez_campo'),('G33_pl_d_3','ignacio_hernandez_campo'),('G33_pl_e_1','ignacio_hernandez_campo'),('G33_pl_e_2','ignacio_hernandez_campo'),('G33_pl_e_3','ignacio_hernandez_campo'),('G33_t1','ignacio_hernandez_campo'),('G33_t2','ignacio_hernandez_campo'),('G38_pmult_a_1','ignacio_hernandez_campo'),('G38_pmult_a_2','ignacio_hernandez_campo'),('G38_pmult_b_1','ignacio_hernandez_campo'),('G38_pmult_b_2','ignacio_hernandez_campo'),('G38_pmult_c_1','ignacio_hernandez_campo'),('G38_pmult_c_2','ignacio_hernandez_campo'),('G38_t1','ignacio_hernandez_campo'),('G38_t2','ignacio_hernandez_campo'),('G65_t_1_a','ignacio_hernandez_campo'),('G65_t_1_b','ignacio_hernandez_campo'),('G65_t_2_a','ignacio_hernandez_campo'),('G65_t_2_b','ignacio_hernandez_campo'),('G65_t_3_a','ignacio_hernandez_campo'),('G65_t_3_b','ignacio_hernandez_campo'),('G646_pa_1_a','ines_gonzalez_rodriguez'),('G646_pa_1_b','ines_gonzalez_rodriguez'),('G646_pa_2_a','ines_gonzalez_rodriguez'),('G646_pa_2_b','ines_gonzalez_rodriguez'),('G646_t1','ines_gonzalez_rodriguez'),('G646_t2','ines_gonzalez_rodriguez'),('G119_t1','irene_polo_blanco'),('G119_t2','irene_polo_blanco'),('G119_t3','irene_polo_blanco'),('G119_t4','irene_polo_blanco'),('G66_t1','ivan_vila_alvarez'),('G66_t2','ivan_vila_alvarez'),('G66_t3','ivan_vila_alvarez'),('G66_t4','ivan_vila_alvarez'),('G38_pmult_a_1','jaime_bonachea_pico'),('G38_pmult_a_2','jaime_bonachea_pico'),('G38_pmult_b_1','jaime_bonachea_pico'),('G38_pmult_b_2','jaime_bonachea_pico'),('G38_pmult_c_1','jaime_bonachea_pico'),('G38_pmult_c_2','jaime_bonachea_pico'),('G38_t1','jaime_bonachea_pico'),('G38_t2','jaime_bonachea_pico'),('G87_t1','jaime_vinuesa_tejedor'),('G87_t2','jaime_vinuesa_tejedor'),('G87_t3','jaime_vinuesa_tejedor'),('G87_t4','jaime_vinuesa_tejedor'),('G105_t1','jesus_araujo_gomez'),('G105_t2','jesus_araujo_gomez'),('G105_t3','jesus_araujo_gomez'),('G105_t4','jesus_araujo_gomez'),('G267_pa_1','jesus_gutierrez_preciado'),('G267_pa_2','jesus_gutierrez_preciado'),('G267_pa_3','jesus_gutierrez_preciado'),('G267_pl_12_a','jesus_gutierrez_preciado'),('G267_pl_12_b','jesus_gutierrez_preciado'),('G267_pl_34_b','jesus_gutierrez_preciado'),('G267_t1','jesus_gutierrez_preciado'),('G267_t2','jesus_gutierrez_preciado'),('G65_t_1_a','jesus_maria_rodriguez_fernandez'),('G65_t_1_b','jesus_maria_rodriguez_fernandez'),('G65_t_2_a','jesus_maria_rodriguez_fernandez'),('G65_t_2_b','jesus_maria_rodriguez_fernandez'),('G65_t_3_a','jesus_maria_rodriguez_fernandez'),('G65_t_3_b','jesus_maria_rodriguez_fernandez'),('G67_t1','jonatan_piedra_gomez'),('G67_t2','jonatan_piedra_gomez'),('G67_t3','jonatan_piedra_gomez'),('G67_t4','jonatan_piedra_gomez'),('G67_t5','jonatan_piedra_gomez'),('G67_t6','jonatan_piedra_gomez'),('G672_t1','jose_angel_gregorio_monasterio'),('G672_t2','jose_angel_gregorio_monasterio'),('G663_t1','jose_angel_herrero_velasco'),('G63_pl_2_a','jose_angel_mier_maza'),('G63_pl_2_b','jose_angel_mier_maza'),('G63_pl_2_c','jose_angel_mier_maza'),('G63_pl_2_d','jose_angel_mier_maza'),('G63_t1','jose_angel_mier_maza'),('G63_t2','jose_angel_mier_maza'),('G63_t3','jose_angel_mier_maza'),('G63_t4','jose_angel_mier_maza'),('G57_t1','jose_antonio_aramburu-zabala_higuera'),('G57_t2','jose_antonio_aramburu-zabala_higuera'),('G57_t3','jose_antonio_aramburu-zabala_higuera'),('G57_t4','jose_antonio_aramburu-zabala_higuera'),('G271_pa_2','jose_carlos_palencia_gutierrez'),('G271_pl_12_a','jose_carlos_palencia_gutierrez'),('G271_pl_12_b','jose_carlos_palencia_gutierrez'),('G271_pl_34_a','jose_carlos_palencia_gutierrez'),('G271_pl_34_b','jose_carlos_palencia_gutierrez'),('G271_t1','jose_carlos_palencia_gutierrez'),('G271_t2','jose_carlos_palencia_gutierrez'),('G40_pa_2','jose_carlos_palencia_gutierrez'),('G40_pl_45_a','jose_carlos_palencia_gutierrez'),('G40_pl_45_b','jose_carlos_palencia_gutierrez'),('G40_pl_6_a','jose_carlos_palencia_gutierrez'),('G40_pl_6_b','jose_carlos_palencia_gutierrez'),('G40_t1','jose_carlos_palencia_gutierrez'),('G40_t2','jose_carlos_palencia_gutierrez'),('G47_pl_12_a','jose_carlos_palencia_gutierrez'),('G47_pl_12_b','jose_carlos_palencia_gutierrez'),('G47_pl_3_a','jose_carlos_palencia_gutierrez'),('G47_pl_3_b','jose_carlos_palencia_gutierrez'),('G47_pl_4_a','jose_carlos_palencia_gutierrez'),('G47_pl_4_b','jose_carlos_palencia_gutierrez'),('G47_t1','jose_carlos_palencia_gutierrez'),('G47_t2','jose_carlos_palencia_gutierrez'),('G673_t1','jose_carlos_palencia_gutierrez'),('G673_t2','jose_carlos_palencia_gutierrez'),('G40_pa_2','jose_ignacio_espeso_martinez'),('G40_pl_45_a','jose_ignacio_espeso_martinez'),('G40_pl_45_b','jose_ignacio_espeso_martinez'),('G40_pl_6_a','jose_ignacio_espeso_martinez'),('G40_pl_6_b','jose_ignacio_espeso_martinez'),('G40_t1','jose_ignacio_espeso_martinez'),('G40_t2','jose_ignacio_espeso_martinez'),('G47_pl_12_a','jose_ignacio_espeso_martinez'),('G47_pl_12_b','jose_ignacio_espeso_martinez'),('G47_pl_3_a','jose_ignacio_espeso_martinez'),('G47_pl_3_b','jose_ignacio_espeso_martinez'),('G47_pl_4_a','jose_ignacio_espeso_martinez'),('G47_pl_4_b','jose_ignacio_espeso_martinez'),('G47_t1','jose_ignacio_espeso_martinez'),('G47_t2','jose_ignacio_espeso_martinez'),('G40_pa_2','jose_javier_gutierrez_garcia'),('G40_pl_45_a','jose_javier_gutierrez_garcia'),('G40_pl_45_b','jose_javier_gutierrez_garcia'),('G40_pl_6_a','jose_javier_gutierrez_garcia'),('G40_pl_6_b','jose_javier_gutierrez_garcia'),('G40_t1','jose_javier_gutierrez_garcia'),('G40_t2','jose_javier_gutierrez_garcia'),('G47_pl_12_a','jose_javier_gutierrez_garcia'),('G47_pl_12_b','jose_javier_gutierrez_garcia'),('G47_pl_3_a','jose_javier_gutierrez_garcia'),('G47_pl_3_b','jose_javier_gutierrez_garcia'),('G47_pl_4_a','jose_javier_gutierrez_garcia'),('G47_pl_4_b','jose_javier_gutierrez_garcia'),('G47_t1','jose_javier_gutierrez_garcia'),('G47_t2','jose_javier_gutierrez_garcia'),('G1753_t2','jose_javier_segura_sala'),('G98_pl_1_a','jose_javier_segura_sala'),('G98_pl_1_b','jose_javier_segura_sala'),('G98_pl_2_a','jose_javier_segura_sala'),('G98_pl_2_b','jose_javier_segura_sala'),('G98_t1','jose_javier_segura_sala'),('G98_t2','jose_javier_segura_sala'),('G650_pa_2','josé_luis_bosque_orero'),('G650_pa_3','josé_luis_bosque_orero'),('G650_pl_12_a','josé_luis_bosque_orero'),('G650_pl_12_b','josé_luis_bosque_orero'),('G650_pl_3_a','josé_luis_bosque_orero'),('G650_pl_3_b','josé_luis_bosque_orero'),('G650_pl_4_a','josé_luis_bosque_orero'),('G650_pl_4_b','josé_luis_bosque_orero'),('G650_t1','josé_luis_bosque_orero'),('G650_t2','josé_luis_bosque_orero'),('G652_pa_1_a','jose_luis_montana_arnaiz'),('G652_pa_1_b','jose_luis_montana_arnaiz'),('G652_pa_2_a','jose_luis_montana_arnaiz'),('G652_pa_2_b','jose_luis_montana_arnaiz'),('G652_pl_1_a','jose_luis_montana_arnaiz'),('G652_pl_1_b','jose_luis_montana_arnaiz'),('G652_pl_2_a','jose_luis_montana_arnaiz'),('G652_pl_2_b','jose_luis_montana_arnaiz'),('G652_t1','jose_luis_montana_arnaiz'),('G652_t2','jose_luis_montana_arnaiz'),('G1778_t1','jose_maria_saiz_vega'),('G34_pl_ab_1','jose_maria_senties_vian'),('G34_pl_ab_2','jose_maria_senties_vian'),('G34_pl_ab_3','jose_maria_senties_vian'),('G34_pl_cd_1','jose_maria_senties_vian'),('G34_pl_cd_2','jose_maria_senties_vian'),('G34_pl_cd_3','jose_maria_senties_vian'),('G34_pl_e_1','jose_maria_senties_vian'),('G34_pl_e_2','jose_maria_senties_vian'),('G34_pl_e_3','jose_maria_senties_vian'),('G34_t1','jose_maria_senties_vian'),('G34_t2','jose_maria_senties_vian'),('G34_t3','jose_maria_senties_vian'),('G63_pl_2_a','jose_maria_senties_vian'),('G63_pl_2_b','jose_maria_senties_vian'),('G63_pl_2_c','jose_maria_senties_vian'),('G63_pl_2_d','jose_maria_senties_vian'),('G63_t1','jose_maria_senties_vian'),('G63_t2','jose_maria_senties_vian'),('G63_t3','jose_maria_senties_vian'),('G63_t4','jose_maria_senties_vian'),('G660_pa_2','jose_miguel_prellezo_gutierrez'),('G660_t1','jose_miguel_prellezo_gutierrez'),('G660_t2','jose_miguel_prellezo_gutierrez'),('G102_pl_1','juan_antonio_cuesta_albertos'),('G102_pl_2','juan_antonio_cuesta_albertos'),('G102_pl_3','juan_antonio_cuesta_albertos'),('G102_pl_4','juan_antonio_cuesta_albertos'),('G109_t1','juan_antonio_cuesta_albertos'),('G109_t2','juan_antonio_cuesta_albertos'),('G109_t4','juan_antonio_cuesta_albertos'),('G34_pl_ab_1','juan_antonio_saiz_ipina'),('G34_pl_ab_2','juan_antonio_saiz_ipina'),('G34_pl_ab_3','juan_antonio_saiz_ipina'),('G34_pl_cd_1','juan_antonio_saiz_ipina'),('G34_pl_cd_2','juan_antonio_saiz_ipina'),('G34_pl_cd_3','juan_antonio_saiz_ipina'),('G34_pl_e_1','juan_antonio_saiz_ipina'),('G34_pl_e_2','juan_antonio_saiz_ipina'),('G34_pl_e_3','juan_antonio_saiz_ipina'),('G34_t1','juan_antonio_saiz_ipina'),('G34_t2','juan_antonio_saiz_ipina'),('G34_t3','juan_antonio_saiz_ipina'),('G66_t1','juan_manuel_lopez_martin'),('G66_t2','juan_manuel_lopez_martin'),('G66_t3','juan_manuel_lopez_martin'),('G66_t4','juan_manuel_lopez_martin'),('G38_pmult_a_1','juan_remondo_tejerina'),('G38_pmult_a_2','juan_remondo_tejerina'),('G38_pmult_b_1','juan_remondo_tejerina'),('G38_pmult_b_2','juan_remondo_tejerina'),('G38_pmult_c_1','juan_remondo_tejerina'),('G38_pmult_c_2','juan_remondo_tejerina'),('G38_t1','juan_remondo_tejerina'),('G38_t2','juan_remondo_tejerina'),('G690_t1','julio_barros_guadalupe'),('G690_t2','julio_barros_guadalupe'),('G265_pl_1_a','LABORATORIO_1'),('G265_pl_1_b','LABORATORIO_1'),('G265_pl_2_a','LABORATORIO_1'),('G265_pl_2_b','LABORATORIO_1'),('G267_pl_12_a','LABORATORIO_1'),('G267_pl_12_b','LABORATORIO_1'),('G267_pl_34_b','LABORATORIO_1'),('G271_pl_12_a','LABORATORIO_1'),('G271_pl_12_b','LABORATORIO_1'),('G271_pl_34_a','LABORATORIO_1'),('G271_pl_34_b','LABORATORIO_1'),('G40_pl_45_a','LABORATORIO_1'),('G40_pl_45_b','LABORATORIO_1'),('G657_pl_13_a','LABORATORIO_1'),('G657_pl_13_b','LABORATORIO_1'),('G657_pl_2_a','LABORATORIO_1'),('G657_pl_2_b','LABORATORIO_1'),('G100_pl_1_a','LABORATORIO_2'),('G100_pl_1_b','LABORATORIO_2'),('G100_pl_2_a','LABORATORIO_2'),('G100_pl_2_b','LABORATORIO_2'),('G664_pl_1','LABORATORIO_2'),('G664_pl_2','LABORATORIO_2'),('G102_pl_1','LABORATORIO_3'),('G102_pl_2','LABORATORIO_3'),('G102_pl_3','LABORATORIO_3'),('G102_pl_4','LABORATORIO_3'),('G33_pl_a_1','LABORATORIO_4'),('G33_pl_a_2','LABORATORIO_4'),('G33_pl_a_3','LABORATORIO_4'),('G33_pl_b_1','LABORATORIO_4'),('G33_pl_b_2','LABORATORIO_4'),('G33_pl_b_3','LABORATORIO_4'),('G33_pl_c_1','LABORATORIO_4'),('G33_pl_c_2','LABORATORIO_4'),('G33_pl_c_3','LABORATORIO_4'),('G33_pl_d_1','LABORATORIO_4'),('G33_pl_d_2','LABORATORIO_4'),('G33_pl_d_3','LABORATORIO_4'),('G33_pl_e_1','LABORATORIO_4'),('G33_pl_e_2','LABORATORIO_4'),('G33_pl_e_3','LABORATORIO_4'),('G34_pl_ab_1','LABORATORIO_4'),('G34_pl_ab_2','LABORATORIO_4'),('G34_pl_ab_3','LABORATORIO_4'),('G34_pl_cd_1','LABORATORIO_4'),('G34_pl_cd_2','LABORATORIO_4'),('G34_pl_cd_3','LABORATORIO_4'),('G34_pl_e_1','LABORATORIO_4'),('G34_pl_e_2','LABORATORIO_4'),('G34_pl_e_3','LABORATORIO_4'),('G34_p_ewb','LABORATORIO_4'),('G38_pmult_a_1','LABORATORIO_4'),('G38_pmult_a_2','LABORATORIO_4'),('G38_pmult_b_1','LABORATORIO_4'),('G38_pmult_b_2','LABORATORIO_4'),('G38_pmult_c_1','LABORATORIO_4'),('G38_pmult_c_2','LABORATORIO_4'),('G40_pl_6_a','LABORATORIO_4'),('G40_pl_6_b','LABORATORIO_4'),('G47_pl_12_a','LABORATORIO_4'),('G47_pl_12_b','LABORATORIO_4'),('G47_pl_3_a','LABORATORIO_4'),('G47_pl_3_b','LABORATORIO_4'),('G47_pl_4_a','LABORATORIO_4'),('G47_pl_4_b','LABORATORIO_4'),('G48_pl_1','LABORATORIO_4'),('G650_pl_12_a','LABORATORIO_4'),('G650_pl_12_b','LABORATORIO_4'),('G652_pl_1_a','LABORATORIO_4'),('G652_pl_1_b','LABORATORIO_4'),('G652_pl_2_a','LABORATORIO_4'),('G652_pl_2_b','LABORATORIO_4'),('G98_pl_1_a','LABORATORIO_4'),('G98_pl_1_b','LABORATORIO_4'),('G98_pl_2_a','LABORATORIO_4'),('G98_pl_2_b','LABORATORIO_4'),('G650_pl_3_a','LABORATORIO_ATC'),('G650_pl_3_b','LABORATORIO_ATC'),('G650_pl_4_a','LABORATORIO_ATC'),('G650_pl_4_b','LABORATORIO_ATC'),('G102_pl_1','luis_alberto_fernandez_fernandez'),('G102_pl_2','luis_alberto_fernandez_fernandez'),('G102_pl_3','luis_alberto_fernandez_fernandez'),('G102_pl_4','luis_alberto_fernandez_fernandez'),('G60_pa_2_a','luis_alberto_fernandez_fernandez'),('G60_pa_2_b','luis_alberto_fernandez_fernandez'),('G60_t1','luis_alberto_fernandez_fernandez'),('G60_t2','luis_alberto_fernandez_fernandez'),('G85_pa_1_a','luis_alberto_fernandez_fernandez'),('G85_pa_1_b','luis_alberto_fernandez_fernandez'),('G85_t1','luis_alberto_fernandez_fernandez'),('G85_t2','luis_alberto_fernandez_fernandez'),('G112_t1','luis_felipe_tabera_alonso'),('G112_t2','luis_felipe_tabera_alonso'),('G112_t3','luis_felipe_tabera_alonso'),('G112_t4','luis_felipe_tabera_alonso'),('G113_t1','luis_felipe_tabera_alonso'),('G113_t3','luis_felipe_tabera_alonso'),('G113_t4','luis_felipe_tabera_alonso'),('G33_pl_a_1','luis_fernandez_barquin'),('G33_pl_a_2','luis_fernandez_barquin'),('G33_pl_a_3','luis_fernandez_barquin'),('G33_pl_b_1','luis_fernandez_barquin'),('G33_pl_b_2','luis_fernandez_barquin'),('G33_pl_b_3','luis_fernandez_barquin'),('G33_pl_c_1','luis_fernandez_barquin'),('G33_pl_c_2','luis_fernandez_barquin'),('G33_pl_c_3','luis_fernandez_barquin'),('G33_pl_d_1','luis_fernandez_barquin'),('G33_pl_d_2','luis_fernandez_barquin'),('G33_pl_d_3','luis_fernandez_barquin'),('G33_pl_e_1','luis_fernandez_barquin'),('G33_pl_e_2','luis_fernandez_barquin'),('G33_pl_e_3','luis_fernandez_barquin'),('G33_t1','luis_fernandez_barquin'),('G33_t2','luis_fernandez_barquin'),('G65_t_1_a','luis_julian_goicoechea_santamaria'),('G65_t_1_b','luis_julian_goicoechea_santamaria'),('G65_t_2_a','luis_julian_goicoechea_santamaria'),('G65_t_2_b','luis_julian_goicoechea_santamaria'),('G65_t_3_a','luis_julian_goicoechea_santamaria'),('G65_t_3_b','luis_julian_goicoechea_santamaria'),('G92_t1','luis_miguel_pardo_vasallo'),('G92_t2','luis_miguel_pardo_vasallo'),('G92_t3','luis_miguel_pardo_vasallo'),('G92_t4','luis_miguel_pardo_vasallo'),('G38_pmult_a_1','m._carmen_pesquera_gonzalez'),('G38_pmult_a_2','m._carmen_pesquera_gonzalez'),('G38_pmult_b_1','m._carmen_pesquera_gonzalez'),('G38_pmult_b_2','m._carmen_pesquera_gonzalez'),('G38_pmult_c_1','m._carmen_pesquera_gonzalez'),('G38_pmult_c_2','m._carmen_pesquera_gonzalez'),('G38_t1','m._carmen_pesquera_gonzalez'),('G38_t2','m._carmen_pesquera_gonzalez'),('G86_t1','manuel_gonzalez_ortiz'),('G86_t2','manuel_gonzalez_ortiz'),('G86_t3','manuel_gonzalez_ortiz'),('G86_t4','manuel_gonzalez_ortiz'),('G265_pa_1','marcos_cruz_rodriguez'),('G265_pa_3','marcos_cruz_rodriguez'),('G265_pl_1_a','marcos_cruz_rodriguez'),('G265_pl_1_b','marcos_cruz_rodriguez'),('G265_pl_2_a','marcos_cruz_rodriguez'),('G265_pl_2_b','marcos_cruz_rodriguez'),('G265_t1','marcos_cruz_rodriguez'),('G265_t2','marcos_cruz_rodriguez'),('G100_pl_1_a','maria_cecilia_pola_mendez'),('G100_pl_1_b','maria_cecilia_pola_mendez'),('G100_pl_2_a','maria_cecilia_pola_mendez'),('G100_pl_2_b','maria_cecilia_pola_mendez'),('G100_t1','maria_cecilia_pola_mendez'),('G100_t2','maria_cecilia_pola_mendez'),('G267_pa_1','maria_del_carmen_martinez_fernandez'),('G267_pa_2','maria_del_carmen_martinez_fernandez'),('G267_pa_3','maria_del_carmen_martinez_fernandez'),('G267_pl_12_a','maria_del_carmen_martinez_fernandez'),('G267_pl_12_b','maria_del_carmen_martinez_fernandez'),('G267_pl_34_b','maria_del_carmen_martinez_fernandez'),('G267_t1','maria_del_carmen_martinez_fernandez'),('G267_t2','maria_del_carmen_martinez_fernandez'),('G119_t1','maria_jose_gonzalez_lopez'),('G119_t2','maria_jose_gonzalez_lopez'),('G119_t3','maria_jose_gonzalez_lopez'),('G119_t4','maria_jose_gonzalez_lopez'),('G90_t1','maria_pilar_fernandez-ferreiros_erviti'),('G90_t2','maria_pilar_fernandez-ferreiros_erviti'),('G90_t3','maria_pilar_fernandez-ferreiros_erviti'),('G90_t4','maria_pilar_fernandez-ferreiros_erviti'),('G58_t1','maria_teresa_rodrigo_anoro'),('G58_t2','maria_teresa_rodrigo_anoro'),('G58_t3','maria_teresa_rodrigo_anoro'),('G58_t4','maria_teresa_rodrigo_anoro'),('G271_pa_2','mario_aldea_rivas'),('G271_pl_12_a','mario_aldea_rivas'),('G271_pl_12_b','mario_aldea_rivas'),('G271_pl_34_a','mario_aldea_rivas'),('G271_pl_34_b','mario_aldea_rivas'),('G271_t1','mario_aldea_rivas'),('G271_t2','mario_aldea_rivas'),('G45_t1','mario_alfredo_fioravanti_villanueva'),('G45_t2','mario_alfredo_fioravanti_villanueva'),('G45_t3','mario_alfredo_fioravanti_villanueva'),('G45_t4','mario_alfredo_fioravanti_villanueva'),('G657_pa_2','marta_elena_zorrilla_pantaleon'),('G657_pl_13_a','marta_elena_zorrilla_pantaleon'),('G657_pl_13_b','marta_elena_zorrilla_pantaleon'),('G657_pl_2_a','marta_elena_zorrilla_pantaleon'),('G657_pl_2_b','marta_elena_zorrilla_pantaleon'),('G657_t1','marta_elena_zorrilla_pantaleon'),('G657_t2','marta_elena_zorrilla_pantaleon'),('G665_t1','marta_elena_zorrilla_pantaleon'),('G665_t2','marta_elena_zorrilla_pantaleon'),('G690_t1','matilde_de_apraiz_casuso'),('G690_t2','matilde_de_apraiz_casuso'),('G40_pa_2','michael_gonzalez_harbour'),('G40_pl_45_a','michael_gonzalez_harbour'),('G40_pl_45_b','michael_gonzalez_harbour'),('G40_pl_6_a','michael_gonzalez_harbour'),('G40_pl_6_b','michael_gonzalez_harbour'),('G40_t1','michael_gonzalez_harbour'),('G40_t2','michael_gonzalez_harbour'),('G47_pl_12_a','michael_gonzalez_harbour'),('G47_pl_12_b','michael_gonzalez_harbour'),('G47_pl_3_a','michael_gonzalez_harbour'),('G47_pl_3_b','michael_gonzalez_harbour'),('G47_pl_4_a','michael_gonzalez_harbour'),('G47_pl_4_b','michael_gonzalez_harbour'),('G47_t1','michael_gonzalez_harbour'),('G47_t2','michael_gonzalez_harbour'),('G40_pa_2','miguel_angel_gutierrez_lecue'),('G40_pl_45_a','miguel_angel_gutierrez_lecue'),('G40_pl_45_b','miguel_angel_gutierrez_lecue'),('G40_pl_6_a','miguel_angel_gutierrez_lecue'),('G40_pl_6_b','miguel_angel_gutierrez_lecue'),('G40_t1','miguel_angel_gutierrez_lecue'),('G40_t2','miguel_angel_gutierrez_lecue'),('G47_pl_12_a','miguel_angel_gutierrez_lecue'),('G47_pl_12_b','miguel_angel_gutierrez_lecue'),('G47_pl_3_a','miguel_angel_gutierrez_lecue'),('G47_pl_3_b','miguel_angel_gutierrez_lecue'),('G47_pl_4_a','miguel_angel_gutierrez_lecue'),('G47_pl_4_b','miguel_angel_gutierrez_lecue'),('G47_t1','miguel_angel_gutierrez_lecue'),('G47_t2','miguel_angel_gutierrez_lecue'),('G665_t1','miguel_angel_gutierrez_lecue'),('G665_t2','miguel_angel_gutierrez_lecue'),('G66_t1','miguel_angel_rodriguez_diaz'),('G66_t2','miguel_angel_rodriguez_diaz'),('G66_t3','miguel_angel_rodriguez_diaz'),('G66_t4','miguel_angel_rodriguez_diaz'),('G659_pa_1','miguel_sierra_sanchez'),('G659_t1','miguel_sierra_sanchez'),('G659_t2','miguel_sierra_sanchez'),('G669_t1','miguel_sierra_sanchez'),('G669_t2','miguel_sierra_sanchez'),('G669_t3','miguel_sierra_sanchez'),('G669_t4','miguel_sierra_sanchez'),('G671_t1','miguel_sierra_sanchez'),('G671_t2','miguel_sierra_sanchez'),('G663_t1','pablo_abad_fidalgo'),('G672_t1','pablo_abad_fidalgo'),('G672_t2','pablo_abad_fidalgo'),('G267_pa_1','pablo_fuentes_saez'),('G267_pa_2','pablo_fuentes_saez'),('G267_pa_3','pablo_fuentes_saez'),('G267_pl_12_a','pablo_fuentes_saez'),('G267_pl_12_b','pablo_fuentes_saez'),('G267_pl_34_b','pablo_fuentes_saez'),('G267_t1','pablo_fuentes_saez'),('G267_t2','pablo_fuentes_saez'),('G689_t1','pablo_maria_de_castro_garcia'),('G689_t2','pablo_maria_de_castro_garcia'),('G664_pl_1','pablo_sanchez_barreiro'),('G664_pl_2','pablo_sanchez_barreiro'),('G664_t1','pablo_sanchez_barreiro'),('G664_t2','pablo_sanchez_barreiro'),('G659_pa_1','patricia_lopez_martinez'),('G659_t1','patricia_lopez_martinez'),('G659_t2','patricia_lopez_martinez'),('G667_t1','patricia_lopez_martinez'),('G667_t2','patricia_lopez_martinez'),('G64_pl_1_a','pedro_jose_valle_herrero'),('G64_pl_1_b','pedro_jose_valle_herrero'),('G64_pl_1_c','pedro_jose_valle_herrero'),('G64_pl_1_d','pedro_jose_valle_herrero'),('G64_pl_2_a','pedro_jose_valle_herrero'),('G64_pl_2_b','pedro_jose_valle_herrero'),('G64_pl_2_c','pedro_jose_valle_herrero'),('G64_pl_2_d','pedro_jose_valle_herrero'),('G264_t1','rafael_granero_belinchon'),('G264_t2','rafael_granero_belinchon'),('G264_t3','rafael_granero_belinchon'),('G264_t4','rafael_granero_belinchon'),('G37_pa_1_a','rafael_granero_belinchon'),('G37_pa_1_b','rafael_granero_belinchon'),('G37_pa_2_a','rafael_granero_belinchon'),('G37_pa_2_b','rafael_granero_belinchon'),('G37_t1f','rafael_granero_belinchon'),('G37_t2f','rafael_granero_belinchon'),('G44_pa_1_a','rafael_granero_belinchon'),('G44_pa_1_b','rafael_granero_belinchon'),('G44_pa_1_c','rafael_granero_belinchon'),('G44_pa_2_a','rafael_granero_belinchon'),('G44_pa_2_b','rafael_granero_belinchon'),('G44_t1','rafael_granero_belinchon'),('G44_t2a','rafael_granero_belinchon'),('G660_pa_2','rafael_menendez_de_llano_rozas'),('G660_t1','rafael_menendez_de_llano_rozas'),('G660_t2','rafael_menendez_de_llano_rozas'),('G690_t1','ramon_ignacio_diego_garcia'),('G690_t2','ramon_ignacio_diego_garcia'),('G55_t1','ramon_niembro_barcena'),('G55_t2','ramon_niembro_barcena'),('G55_t3','ramon_niembro_barcena'),('G55_t4','ramon_niembro_barcena'),('G65_t_1_a','ramon_niembro_barcena'),('G65_t_1_b','ramon_niembro_barcena'),('G65_t_2_a','ramon_niembro_barcena'),('G65_t_2_b','ramon_niembro_barcena'),('G65_t_3_a','ramon_niembro_barcena'),('G65_t_3_b','ramon_niembro_barcena'),('G270_t1','rogelio_olavarri_fernandez'),('G270_t2','rogelio_olavarri_fernandez'),('G270_t3','rogelio_olavarri_fernandez'),('G270_t4','rogelio_olavarri_fernandez'),('G58_t1','saturnino_marcos_marcos'),('G58_t2','saturnino_marcos_marcos'),('G58_t3','saturnino_marcos_marcos'),('G58_t4','saturnino_marcos_marcos'),('G65_t_1_a','saturnino_marcos_marcos'),('G65_t_1_b','saturnino_marcos_marcos'),('G65_t_2_a','saturnino_marcos_marcos'),('G65_t_2_b','saturnino_marcos_marcos'),('G65_t_3_a','saturnino_marcos_marcos'),('G65_t_3_b','saturnino_marcos_marcos'),('G1776_t1','SEMINARIO_FISICA'),('G1776_t2','SEMINARIO_FISICA'),('G1776_t3','SEMINARIO_FISICA'),('G1777_t1','SEMINARIO_FISICA'),('G1777_t2','SEMINARIO_FISICA'),('G1777_t3','SEMINARIO_FISICA'),('G1778_t1','SEMINARIO_FISICA'),('G1779_t1','SEMINARIO_FISICA'),('G1779_t2','SEMINARIO_FISICA'),('G1779_t3','SEMINARIO_FISICA'),('G1779_t4','SEMINARIO_FISICA'),('G659_pa_1','SEMINARIO_INFORMATICA'),('G659_t1','SEMINARIO_INFORMATICA'),('G659_t2','SEMINARIO_INFORMATICA'),('G662_t1','SEMINARIO_INFORMATICA'),('G662_t2','SEMINARIO_INFORMATICA'),('G663_t1','SEMINARIO_INFORMATICA'),('G664_t1','SEMINARIO_INFORMATICA'),('G664_t2','SEMINARIO_INFORMATICA'),('G665_t1','SEMINARIO_INFORMATICA'),('G665_t2','SEMINARIO_INFORMATICA'),('G681_t1','SEMINARIO_INFORMATICA'),('G686_t1','SEMINARIO_INFORMATICA'),('G686_t2','SEMINARIO_INFORMATICA'),('G663_t1','sergio_garrido_fernandez'),('G1776_t1','silvia_mateos_ibanez'),('G1776_t2','silvia_mateos_ibanez'),('G1776_t3','silvia_mateos_ibanez'),('G270_t1','vicente_bengochea_botin'),('G270_t2','vicente_bengochea_botin'),('G270_t3','vicente_bengochea_botin'),('G270_t4','vicente_bengochea_botin'),('G38_pmult_a_1','xabier_eduardo_moreno-ventas_bravo'),('G38_pmult_a_2','xabier_eduardo_moreno-ventas_bravo'),('G38_pmult_b_1','xabier_eduardo_moreno-ventas_bravo'),('G38_pmult_b_2','xabier_eduardo_moreno-ventas_bravo'),('G38_pmult_c_1','xabier_eduardo_moreno-ventas_bravo'),('G38_pmult_c_2','xabier_eduardo_moreno-ventas_bravo'),('G38_t1','xabier_eduardo_moreno-ventas_bravo'),('G38_t2','xabier_eduardo_moreno-ventas_bravo');
/*!40000 ALTER TABLE `events_need_resources_c2_1718` ENABLE KEYS */;
UNLOCK TABLES;

--
-- Table structure for table `events_need_resourcetypes`
--

DROP TABLE IF EXISTS `events_need_resourcetypes`;
/*!40101 SET @saved_cs_client     = @@character_set_client */;
/*!40101 SET character_set_client = utf8 */;
CREATE TABLE `events_need_resourcetypes` (
  `event` varchar(75) NOT NULL,
  `resourcetype` varchar(75) NOT NULL,
  PRIMARY KEY (`event`,`resourcetype`),
  KEY `resourcetype` (`resourcetype`),
  CONSTRAINT `events_need_resourcetypes_ibfk_1` FOREIGN KEY (`event`) REFERENCES `events` (`id`),
  CONSTRAINT `events_need_resourcetypes_ibfk_2` FOREIGN KEY (`resourcetype`) REFERENCES `resourcetypes` (`id`)
) ENGINE=InnoDB DEFAULT CHARSET=utf8;
/*!40101 SET character_set_client = @saved_cs_client */;

--
-- Dumping data for table `events_need_resourcetypes`
--

LOCK TABLES `events_need_resourcetypes` WRITE;
/*!40000 ALTER TABLE `events_need_resourcetypes` DISABLE KEYS */;
/*!40000 ALTER TABLE `events_need_resourcetypes` ENABLE KEYS */;
UNLOCK TABLES;

--
-- Table structure for table `resourcegroups`
--

DROP TABLE IF EXISTS `resourcegroups`;
/*!40101 SET @saved_cs_client     = @@character_set_client */;
/*!40101 SET character_set_client = utf8 */;
CREATE TABLE `resourcegroups` (
  `id` varchar(45) NOT NULL,
  `name` varchar(45) NOT NULL,
  `resourcetype` varchar(45) NOT NULL,
  PRIMARY KEY (`id`),
  KEY `resourcetype` (`resourcetype`),
  CONSTRAINT `resourcegroups_ibfk_1` FOREIGN KEY (`resourcetype`) REFERENCES `resourcetypes` (`id`)
) ENGINE=InnoDB DEFAULT CHARSET=utf8;
/*!40101 SET character_set_client = @saved_cs_client */;

--
-- Dumping data for table `resourcegroups`
--

LOCK TABLES `resourcegroups` WRITE;
/*!40000 ALTER TABLE `resourcegroups` DISABLE KEYS */;
INSERT INTO `resourcegroups` VALUES ('gr_Aula_Grande','Aula Grande','Room'),('gr_Aula_Normal','Aula Normal','Room'),('gr_Aula_Pequena','Aula Pequena','Room'),('gr_Class','Cursos','Class'),('gr_Laboratorio','Laboratorio','Laboratory'),('gr_Room','Aulas','Room'),('gr_Teacher','Profesores','Teacher');
/*!40000 ALTER TABLE `resourcegroups` ENABLE KEYS */;
UNLOCK TABLES;

--
-- Table structure for table `resources`
--

DROP TABLE IF EXISTS `resources`;
/*!40101 SET @saved_cs_client     = @@character_set_client */;
/*!40101 SET character_set_client = utf8 */;
CREATE TABLE `resources` (
  `id` varchar(75) NOT NULL,
  `name` varchar(75) NOT NULL,
  `resourcetype` varchar(45) NOT NULL,
  `color` varchar(25) DEFAULT NULL,
  PRIMARY KEY (`id`),
  KEY `resourcetype` (`resourcetype`),
  CONSTRAINT `resources_ibfk_1` FOREIGN KEY (`resourcetype`) REFERENCES `resourcetypes` (`id`)
) ENGINE=InnoDB DEFAULT CHARSET=utf8;
/*!40101 SET character_set_client = @saved_cs_client */;

--
-- Dumping data for table `resources`
--

LOCK TABLES `resources` WRITE;
/*!40000 ALTER TABLE `resources` DISABLE KEYS */;
INSERT INTO `resources` VALUES ('adolfo_cobo_garcia','ADOLFO COBO GARCIA','Teacher',NULL),('adolfo_garandal_martin','ADOLFO GARANDAL MARTIN','Teacher',NULL),('airam_eduardo_marcos_caballero','AIRAM EDUARDO MARCOS CABALLERO','Teacher',NULL),('alberto_gonzalez_diez','ALBERTO GONZALEZ DIEZ','Teacher',NULL),('alberto_ruiz_jimeno','ALBERTO RUIZ JIMENO','Teacher',NULL),('alejandro_perez_ruiz','ALEJANDRO PEREZ RUIZ','Teacher',NULL),('alfonso_de_la_vega_ruiz','ALFONSO DE LA VEGA RUIZ','Teacher',NULL),('alicia_calderon_tazon','ALICIA CALDERON TAZON','Teacher',NULL),('alicia_nieto_reyes','ALICIA NIETO REYES','Teacher',NULL),('alvaro_gomez_gomez','ALVARO GOMEZ GOMEZ','Teacher',NULL),('alvaro_lopez_garcia','ALVARO LOPEZ GARCIA','Teacher',NULL),('amalia_corral_ramos','AMALIA CORRAL RAMOS','Teacher',NULL),('ana_fernandez_laviada','ANA FERNANDEZ LAVIADA','Teacher',NULL),('ana_isabel_gomez_perez','ANA ISABEL GOMEZ PEREZ','Teacher',NULL),('ana_maria_rio_poncela','ANA MARIA RIO PONCELA','Teacher',NULL),('andres_iglesias_prieto','ANDRES IGLESIAS PRIETO','Teacher',NULL),('andres_prieto_gala','ANDRES PRIETO GALA','Teacher',NULL),('angela_inmaculada_barreda_gomez','ANGELA INMACULADA BARREDA GOMEZ','Teacher',NULL),('angel_alberto_valle_gutierrez','ANGEL ALBERTO VALLE GUTIERREZ','Teacher',NULL),('angel_mananes_perez','ANGEL MAÑANES PEREZ','Teacher',NULL),('antonio_rodriguez_yunta','ANTONIO RODRIGUEZ YUNTA','Teacher',NULL),('araceli_tuero_diaz','ARACELI TUERO DIAZ','Teacher',NULL),('asier_salvadores_tascon','ASIER SALVADORES TASCON','Teacher',NULL),('AULA_1','AULA 1','Room','ff0000'),('AULA_10','AULA 10','Room','d0d0e1'),('AULA_11','AULA 11','Room','adc2eb'),('AULA_12','AULA 12','Room','80aaff'),('AULA_13','AULA 13','Room','ff99cc'),('AULA_14','AULA 14','Room','00b3b3'),('AULA_15','AULA 15','Room','c2f0f0'),('AULA_2','AULA 2','Room','ff9900'),('AULA_3','AULA 3','Room','bf80ff'),('AULA_4','AULA 4','Room','999966'),('AULA_5','AULA 5','Room','ffffcc'),('AULA_6','AULA 6','Room','862d2d'),('AULA_7','AULA 7','Room','669900'),('AULA_8','AULA 8','Room','00cc66'),('AULA_9','AULA 9','Room','ffb3b3'),('beatriz_blanco_rojo','BEATRIZ BLANCO ROJO','Teacher',NULL),('beatriz_porras_pomares','BEATRIZ PORRAS POMARES','Teacher',NULL),('borja_perez_pavon','BORJA PEREZ PAVON','Teacher',NULL),('carlos_beltran_alvarez','CARLOS BELTRAN ALVAREZ','Teacher',NULL),('carlos_blanco_bueno','CARLOS BLANCO BUENO','Teacher',NULL),('carlos_sainz_fernandez','CARLOS SAINZ FERNANDEZ','Teacher',NULL),('carmen_maria_sarabia_cobo','CARMEN MARIA SARABIA COBO','Teacher',NULL),('cecilia_valero_revenga','CECILIA VALERO REVENGA','Teacher',NULL),('Class1_DOBLE_1','Clase 1 de DOBLE (grupo 1)','Class',NULL),('Class1_DOBLE_2','Clase 1 de DOBLE (grupo 2)','Class',NULL),('Class1_DOBLE_3','Clase 1 de DOBLE (grupo 3)','Class',NULL),('Class1_DOBLE_4','Clase 1 de DOBLE (grupo 4)','Class',NULL),('Class1_DOBLE_5','Clase 1 de DOBLE (grupo 5)','Class',NULL),('Class1_DOBLE_6','Clase 1 de DOBLE (grupo 6)','Class',NULL),('Class1_DOBLE_PLACEHOLDER','PLACEHOLDER','Class',NULL),('Class1_FISICA_1','Clase 1 de FISICA (grupo 1)','Class',NULL),('Class1_FISICA_2','Clase 1 de FISICA (grupo 2)','Class',NULL),('Class1_FISICA_3','Clase 1 de FISICA (grupo 3)','Class',NULL),('Class1_FISICA_4','Clase 1 de FISICA (grupo 4)','Class',NULL),('Class1_FISICA_5','Clase 1 de FISICA (grupo 5)','Class',NULL),('Class1_FISICA_6','Clase 1 de FISICA (grupo 6)','Class',NULL),('Class1_FISICA_PLACEHOLDER','PLACEHOLDER','Class',NULL),('Class1_INFORMATICA_1','Clase 1 de INFORMATICA (grupo 1)','Class',NULL),('Class1_INFORMATICA_2','Clase 1 de INFORMATICA (grupo 2)','Class',NULL),('Class1_INFORMATICA_3','Clase 1 de INFORMATICA (grupo 3)','Class',NULL),('Class1_INFORMATICA_4','Clase 1 de INFORMATICA (grupo 4)','Class',NULL),('Class1_INFORMATICA_5','Clase 1 de INFORMATICA (grupo 5)','Class',NULL),('Class1_INFORMATICA_6','Clase 1 de INFORMATICA (grupo 6)','Class',NULL),('Class1_INFORMATICA_PLACEHOLDER','PLACEHOLDER','Class',NULL),('Class1_MATEMATICAS_1','Clase 1 de MATEMATICAS (grupo 1)','Class',NULL),('Class1_MATEMATICAS_2','Clase 1 de MATEMATICAS (grupo 2)','Class',NULL),('Class1_MATEMATICAS_3','Clase 1 de MATEMATICAS (grupo 3)','Class',NULL),('Class1_MATEMATICAS_4','Clase 1 de MATEMATICAS (grupo 4)','Class',NULL),('Class1_MATEMATICAS_5','Clase 1 de MATEMATICAS (grupo 5)','Class',NULL),('Class1_MATEMATICAS_6','Clase 1 de MATEMATICAS (grupo 6)','Class',NULL),('Class1_MATEMATICAS_PLACEHOLDER','PLACEHOLDER','Class',NULL),('Class2_DOBLE_1','Clase 2 de DOBLE (grupo 1)','Class',NULL),('Class2_DOBLE_2','Clase 2 de DOBLE (grupo 2)','Class',NULL),('Class2_DOBLE_3','Clase 2 de DOBLE (grupo 3)','Class',NULL),('Class2_DOBLE_4','Clase 2 de DOBLE (grupo 4)','Class',NULL),('Class2_DOBLE_PLACEHOLDER','PLACEHOLDER','Class',NULL),('Class2_FISICA_1','Clase 2 de FISICA (grupo 1)','Class',NULL),('Class2_FISICA_2','Clase 2 de FISICA (grupo 2)','Class',NULL),('Class2_FISICA_3','Clase 2 de FISICA (grupo 3)','Class',NULL),('Class2_FISICA_4','Clase 2 de FISICA (grupo 4)','Class',NULL),('Class2_FISICA_PLACEHOLDER','PLACEHOLDER','Class',NULL),('Class2_INFORMATICA_1','Clase 2 de INFORMATICA (grupo 1)','Class',NULL),('Class2_INFORMATICA_2','Clase 2 de INFORMATICA (grupo 2)','Class',NULL),('Class2_INFORMATICA_3','Clase 2 de INFORMATICA (grupo 3)','Class',NULL),('Class2_INFORMATICA_4','Clase 2 de INFORMATICA (grupo 4)','Class',NULL),('Class2_INFORMATICA_PLACEHOLDER','PLACEHOLDER','Class',NULL),('Class2_MATEMATICAS_1','Clase 2 de MATEMATICAS (grupo 1)','Class',NULL),('Class2_MATEMATICAS_2','Clase 2 de MATEMATICAS (grupo 2)','Class',NULL),('Class2_MATEMATICAS_3','Clase 2 de MATEMATICAS (grupo 3)','Class',NULL),('Class2_MATEMATICAS_4','Clase 2 de MATEMATICAS (grupo 4)','Class',NULL),('Class2_MATEMATICAS_PLACEHOLDER','PLACEHOLDER','Class',NULL),('Class3_DOBLE_1','Clase 3 de DOBLE (grupo 1)','Class',NULL),('Class3_DOBLE_2','Clase 3 de DOBLE (grupo 2)','Class',NULL),('Class3_DOBLE_3','Clase 3 de DOBLE (grupo 3)','Class',NULL),('Class3_DOBLE_4','Clase 3 de DOBLE (grupo 4)','Class',NULL),('Class3_DOBLE_PLACEHOLDER','PLACEHOLDER','Class',NULL),('Class3_FISICA_1','Clase 3 de FISICA (grupo 1)','Class',NULL),('Class3_FISICA_2','Clase 3 de FISICA (grupo 2)','Class',NULL),('Class3_FISICA_3','Clase 3 de FISICA (grupo 3)','Class',NULL),('Class3_FISICA_4','Clase 3 de FISICA (grupo 4)','Class',NULL),('Class3_FISICA_PLACEHOLDER','PLACEHOLDER','Class',NULL),('Class3_INFORMATICA_1','Clase 3 de INFORMATICA (grupo 1)','Class',NULL),('Class3_INFORMATICA_2','Clase 3 de INFORMATICA (grupo 2)','Class',NULL),('Class3_INFORMATICA_3','Clase 3 de INFORMATICA (grupo 3)','Class',NULL),('Class3_INFORMATICA_4','Clase 3 de INFORMATICA (grupo 4)','Class',NULL),('Class3_INFORMATICA_PLACEHOLDER','PLACEHOLDER','Class',NULL),('Class3_MATEMATICAS_1','Clase 3 de MATEMATICAS (grupo 1)','Class',NULL),('Class3_MATEMATICAS_2','Clase 3 de MATEMATICAS (grupo 2)','Class',NULL),('Class3_MATEMATICAS_3','Clase 3 de MATEMATICAS (grupo 3)','Class',NULL),('Class3_MATEMATICAS_4','Clase 3 de MATEMATICAS (grupo 4)','Class',NULL),('Class3_MATEMATICAS_PLACEHOLDER','PLACEHOLDER','Class',NULL),('Class4_DOBLE_1','Clase 4 de DOBLE (grupo 1)','Class',NULL),('Class4_DOBLE_2','Clase 4 de DOBLE (grupo 2)','Class',NULL),('Class4_DOBLE_PLACEHOLDER','PLACEHOLDER','Class',NULL),('Class4_FISICA_1','Clase 4 de FISICA (grupo 1)','Class',NULL),('Class4_FISICA_2','Clase 4 de FISICA (grupo 2)','Class',NULL),('Class4_FISICA_INTERNATIONAL_DIPLOMA1','Clase 4 de FISICA (INTERNATIONAL DIPLOMA) (grupo 1)','Class',NULL),('Class4_FISICA_INTERNATIONAL_DIPLOMA2','Clase 4 de FISICA (INTERNATIONAL DIPLOMA) (grupo 2)','Class',NULL),('Class4_FISICA_PLACEHOLDER','PLACEHOLDER','Class',NULL),('Class4_INFORMATICA_COMPUTACION1','Clase 4 de INFORMATICA (COMPUTACION) (grupo 1)','Class',NULL),('Class4_INFORMATICA_COMPUTACION2','Clase 4 de INFORMATICA (COMPUTACION) (grupo 2)','Class',NULL),('Class4_INFORMATICA_COMPUTADORES1','Clase 4 de INFORMATICA (COMPUTADORES) (grupo 1)','Class',NULL),('Class4_INFORMATICA_COMPUTADORES2','Clase 4 de INFORMATICA (COMPUTADORES) (grupo 2)','Class',NULL),('Class4_INFORMATICA_PLACEHOLDER','PLACEHOLDER','Class',NULL),('Class4_INFORMATICA_SOFTWARE1','Clase 4 de INFORMATICA (SOFTWARE) (grupo 1)','Class',NULL),('Class4_INFORMATICA_SOFTWARE2','Clase 4 de INFORMATICA (SOFTWARE) (grupo 2)','Class',NULL),('Class4_MATEMATICAS_1','Clase 4 de MATEMATICAS (grupo 1)','Class',NULL),('Class4_MATEMATICAS_2','Clase 4 de MATEMATICAS (grupo 2)','Class',NULL),('Class4_MATEMATICAS_OPTATIVA1','Clase 4 de MATEMATICAS (OPTATIVA) (grupo 1)','Class',NULL),('Class4_MATEMATICAS_OPTATIVA2','Clase 4 de MATEMATICAS (OPTATIVA) (grupo 2)','Class',NULL),('Class4_MATEMATICAS_PLACEHOLDER','PLACEHOLDER','Class',NULL),('cristina_tirnauca','CRISTINA TIRNAUCA','Teacher',NULL),('daniel_sadornil_renedo','DANIEL SADORNIL RENEDO','Teacher',NULL),('delfina_gomez_gandarillas','DELFINA GOMEZ GANDARILLAS','Teacher',NULL),('demetrio_dominguez_plata','DEMETRIO DOMINGUEZ PLATA','Teacher',NULL),('diego_garcia_saiz','DIEGO GARCIA SAIZ','Teacher',NULL),('diego_herranz_munoz','DIEGO HERRANZ MUÑOZ','Teacher',NULL),('diego_santiago_pazo_bueno','DIEGO SANTIAGO PAZO BUENO','Teacher',NULL),('domingo_gomez_perez','DOMINGO GOMEZ PEREZ','Teacher',NULL),('eduardo_garcia_torre','EDUARDO GARCIA TORRE','Teacher',NULL),('eliana_rocio_rocha_blanco','ELIANA ROCIO ROCHA BLANCO','Teacher',NULL),('enrique_vallejo_gutierrez','ENRIQUE VALLEJO GUTIERREZ','Teacher',NULL),('ernesto_anabitarte_cano','ERNESTO ANABITARTE CANO','Teacher',NULL),('esteban_fernandez_gonzalez','ESTEBAN FERNANDEZ GONZALEZ','Teacher',NULL),('esteban_stafford_fernandez','ESTEBAN STAFFORD FERNANDEZ','Teacher',NULL),('eugenio_villar_bonet','EUGENIO VILLAR BONET','Teacher',NULL),('fernando_aguado_menendez','FERNANDO AGUADO MENENDEZ','Teacher',NULL),('fernando_etayo_gordejuela','FERNANDO ETAYO GORDEJUELA','Teacher',NULL),('fernando_gonzalez_martinez','FERNANDO GONZALEZ MARTINEZ','Teacher',NULL),('fernando_lopez_vega','FERNANDO LOPEZ VEGA','Teacher',NULL),('fernando_m._duque_calvo','FERNANDO M. DUQUE CALVO','Teacher',NULL),('fernando_moreno_gracia','FERNANDO MORENO GRACIA','Teacher',NULL),('fernando_rodriguez_gonzalez','FERNANDO RODRIGUEZ GONZALEZ','Teacher',NULL),('fernando_vallejo_alonso','FERNANDO VALLEJO ALONSO','Teacher',NULL),('francisco_gonzalez_fernandez','FRANCISCO GONZALEZ FERNANDEZ','Teacher',NULL),('francisco_javier_junquera_quintana','FRANCISCO JAVIER JUNQUERA QUINTANA','Teacher',NULL),('francisco_jesus_carrera_troyano','FRANCISCO JESUS CARRERA TROYANO','Teacher',NULL),('francisco_jose_alcala_galan','FRANCISCO JOSE ALCALA GALAN','Teacher',NULL),('francisco_matorras_weinig','FRANCISCO MATORRAS WEINIG','Teacher',NULL),('gema_tejeria_alonso','GEMA TEJERIA ALONSO','Teacher',NULL),('gustavo_cotero_bada','GUSTAVO COTERO BADA','Teacher',NULL),('hector_perez_tijero','HECTOR PEREZ TIJERO','Teacher',NULL),('hector_posadas_cobo','HECTOR POSADAS COBO','Teacher',NULL),('hector_san_martin_gutierrez','HECTOR SAN MARTIN GUTIERREZ','Teacher',NULL),('ignacio_gonzalez_ruiz','IGNACIO GONZALEZ RUIZ','Teacher',NULL),('ignacio_hernandez_campo','IGNACIO HERNANDEZ CAMPO','Teacher',NULL),('ignacio_herrera_rojo','IGNACIO HERRERA ROJO','Teacher',NULL),('ignacio_ordovas_pascual','IGNACIO ORDOVAS PASCUAL','Teacher',NULL),('ines_gonzalez_rodriguez','INES GONZALEZ RODRIGUEZ','Teacher',NULL),('irene_garcia_gonzalez','IRENE GARCIA GONZALEZ','Teacher',NULL),('irene_polo_blanco','IRENE POLO BLANCO','Teacher',NULL),('ivan_vila_alvarez','IVAN VILA ALVAREZ','Teacher',NULL),('jaime_bonachea_pico','JAIME BONACHEA PICO','Teacher',NULL),('jaime_vinuesa_tejedor','JAIME VINUESA TEJEDOR','Teacher',NULL),('javier_gonzalez_villa','JAVIER GONZALEZ VILLA','Teacher',NULL),('jesus_araujo_gomez','JESUS ARAUJO GOMEZ','Teacher',NULL),('jesus_collado_agudo','JESUS COLLADO AGUDO','Teacher',NULL),('jesus_gutierrez_preciado','JESUS GUTIERREZ PRECIADO','Teacher',NULL),('jesus_maria_rodriguez_fernandez','JESUS MARIA RODRIGUEZ FERNANDEZ','Teacher',NULL),('jonatan_piedra_gomez','JONATAN PIEDRA GOMEZ','Teacher',NULL),('jose_angel_gregorio_monasterio','JOSE ANGEL GREGORIO MONASTERIO','Teacher',NULL),('jose_angel_herrero_velasco','JOSE ANGEL HERRERO VELASCO','Teacher',NULL),('jose_angel_irastorza_teja','JOSE ANGEL IRASTORZA TEJA','Teacher',NULL),('jose_angel_mier_maza','JOSE ANGEL MIER MAZA','Teacher',NULL),('jose_antonio_aramburu-zabala_higuera','JOSE ANTONIO ARAMBURU-ZABALA HIGUERA','Teacher',NULL),('jose_carlos_gomez_sal','JOSE CARLOS GOMEZ SAL','Teacher',NULL),('jose_carlos_palencia_gutierrez','JOSE CARLOS PALENCIA GUTIERREZ','Teacher',NULL),('jose_ignacio_espeso_martinez','JOSE IGNACIO ESPESO MARTINEZ','Teacher',NULL),('jose_ignacio_gonzalez_serrano','JOSE IGNACIO GONZALEZ SERRANO','Teacher',NULL),('jose_javier_gutierrez_garcia','JOSE JAVIER GUTIERREZ GARCIA','Teacher',NULL),('jose_javier_segura_sala','JOSE JAVIER SEGURA SALA','Teacher',NULL),('jose_julio_güemez_ledesma','JOSE JULIO GÜEMEZ LEDESMA','Teacher',NULL),('josé_luis_bosque_orero','JOSÉ LUIS BOSQUE ORERO','Teacher',NULL),('jose_luis_montana_arnaiz','JOSE LUIS MONTAÑA ARNAIZ','Teacher',NULL),('jose_maria_drake_moyano','JOSE MARIA DRAKE MOYANO','Teacher',NULL),('jose_maria_saiz_vega','JOSE MARIA SAIZ VEGA','Teacher',NULL),('jose_maria_senties_vian','JOSE MARIA SENTIES VIAN','Teacher',NULL),('jose_miguel_prellezo_gutierrez','JOSE MIGUEL PRELLEZO GUTIERREZ','Teacher',NULL),('jose_ramon_solana_quiros','JOSE RAMON SOLANA QUIROS','Teacher',NULL),('juan_antonio_cuesta_albertos','JUAN ANTONIO CUESTA ALBERTOS','Teacher',NULL),('juan_antonio_saiz_ipina','JUAN ANTONIO SAIZ IPIÑA','Teacher',NULL),('juan_gonzalez_criado_del_rey','JUAN GONZALEZ CRIADO DEL REY','Teacher',NULL),('juan_hernandez_marques','JUAN HERNANDEZ MARQUES','Teacher',NULL),('juan_manuel_lopez_martin','JUAN MANUEL LOPEZ MARTIN','Teacher',NULL),('juan_remondo_tejerina','JUAN REMONDO TEJERINA','Teacher',NULL),('julio_barros_guadalupe','JULIO BARROS GUADALUPE','Teacher',NULL),('julio_largo_maeso','JULIO LARGO MAESO','Teacher',NULL),('julio_luis_medina_pasaje','JULIO LUIS MEDINA PASAJE','Teacher',NULL),('julio_ramon_beivide_palacio','JULIO RAMON BEIVIDE PALACIO','Teacher',NULL),('LABORATORIO_1','LABORATORIO 1','Room','e6ffcc'),('LABORATORIO_2','LABORATORIO 2','Room','ffe6e6'),('LABORATORIO_3','LABORATORIO 3','Room','ffecb3'),('LABORATORIO_4','LABORATORIO 4','Room','e6f2ff'),('LABORATORIO_ATC','LABORATORIO ATC','Room','ffffff'),('LABORATORIO_LTR','LABORATORIO LTR','Room','ffffff'),('laureano_gonzalez_vega','LAUREANO GONZALEZ VEGA','Teacher',NULL),('lidia_sanchez_ruiz','LIDIA SANCHEZ RUIZ','Teacher',NULL),('luis_alberto_fernandez_fernandez','LUIS ALBERTO FERNANDEZ FERNANDEZ','Teacher',NULL),('luis_felipe_tabera_alonso','LUIS FELIPE TABERA ALONSO','Teacher',NULL),('luis_fernandez_barquin','LUIS FERNANDEZ BARQUIN','Teacher',NULL),('luis_javier_martinez_rodriguez','LUIS JAVIER MARTINEZ RODRIGUEZ','Teacher',NULL),('luis_julian_goicoechea_santamaria','LUIS JULIAN GOICOECHEA SANTAMARIA','Teacher',NULL),('luis_lupianez_carrillo','LUIS LUPIAÑEZ CARRILLO','Teacher',NULL),('luis_miguel_pardo_vasallo','LUIS MIGUEL PARDO VASALLO','Teacher',NULL),('luis_pesquera_gonzalez','LUIS PESQUERA GONZALEZ','Teacher',NULL),('luis_vellido_escudero','LUIS VELLIDO ESCUDERO','Teacher',NULL),('m._carmen_pesquera_gonzalez','M. CARMEN PESQUERA GONZALEZ','Teacher',NULL),('m._mercedes_granda_miguel','M. MERCEDES GRANDA MIGUEL','Teacher',NULL),('manuel_gonzalez_ortiz','MANUEL GONZALEZ ORTIZ','Teacher',NULL),('manuel_perez_cagigal','MANUEL PEREZ CAGIGAL','Teacher',NULL),('marcos_cruz_rodriguez','MARCOS CRUZ RODRIGUEZ','Teacher',NULL),('maria_cecilia_pola_mendez','MARIA CECILIA POLA MENDEZ','Teacher',NULL),('maria_del_carmen_martinez_fernandez','MARIA DEL CARMEN MARTINEZ FERNANDEZ','Teacher',NULL),('maria_de_ujue_etayo_rodriguez','MARIA DE UJUE ETAYO RODRIGUEZ','Teacher',NULL),('maria_elena_mediavilla_bolado','MARIA ELENA MEDIAVILLA BOLADO','Teacher',NULL),('maria_isabel_gutierrez_diaz-velarde','MARIA ISABEL GUTIERREZ DIAZ-VELARDE','Teacher',NULL),('maria_jesus_gonzalez_prieto','MARIA JESUS GONZALEZ PRIETO','Teacher',NULL),('maria_jose_gonzalez_lopez','MARIA JOSE GONZALEZ LOPEZ','Teacher',NULL),('maria_luisa_gallo_alegria','MARIA LUISA GALLO ALEGRIA','Teacher',NULL),('maria_pilar_fernandez-ferreiros_erviti','MARIA PILAR FERNANDEZ-FERREIROS ERVITI','Teacher',NULL),('maria_rodriguez_del_castillo','MARIA RODRIGUEZ DEL CASTILLO','Teacher',NULL),('maria_teresa_rodrigo_anoro','MARIA TERESA RODRIGO ANORO','Teacher',NULL),('mario_aldea_rivas','MARIO ALDEA RIVAS','Teacher',NULL),('mario_alfredo_fioravanti_villanueva','MARIO ALFREDO FIORAVANTI VILLANUEVA','Teacher',NULL),('mario_manana_canteli','MARIO MAÑANA CANTELI','Teacher',NULL),('marta_elena_zorrilla_pantaleon','MARTA ELENA ZORRILLA PANTALEON','Teacher',NULL),('matilde_de_apraiz_casuso','MATILDE DE APRAIZ CASUSO','Teacher',NULL),('mercedes_lopez_quelle','MERCEDES LOPEZ QUELLE','Teacher',NULL),('mercedes_nuria_sanchez_sanchez','MERCEDES NURIA SANCHEZ SANCHEZ','Teacher',NULL),('michael_gonzalez_harbour','MICHAEL GONZALEZ HARBOUR','Teacher',NULL),('miguel_angel_gutierrez_lecue','MIGUEL ANGEL GUTIERREZ LECUE','Teacher',NULL),('miguel_angel_manzano_ansorena','MIGUEL ANGEL MANZANO ANSORENA','Teacher',NULL),('miguel_angel_rodriguez_diaz','MIGUEL ANGEL RODRIGUEZ DIAZ','Teacher',NULL),('miguel_sierra_sanchez','MIGUEL SIERRA SANCHEZ','Teacher',NULL),('monica_arnaiz_monar','MONICA ARNAIZ MONAR','Teacher',NULL),('namkee_ahn_jung','NAMKEE AHN JUNG','Teacher',NULL),('nicolo_trevisani','NICOLO TREVISANI','Teacher',NULL),('nuria_corral_perez','NURIA CORRAL PEREZ','Teacher',NULL),('olga_maria_conde_portilla','OLGA MARIA CONDE PORTILLA','Teacher',NULL),('pablo_abad_fidalgo','PABLO ABAD FIDALGO','Teacher',NULL),('pablo_fuentes_saez','PABLO FUENTES SAEZ','Teacher',NULL),('pablo_maria_de_castro_garcia','PABLO MARIA DE CASTRO GARCIA','Teacher',NULL),('pablo_martinez_ruiz_del_arbol','PABLO MARTINEZ RUIZ DEL ARBOL','Teacher',NULL),('pablo_prieto_torralbo','PABLO PRIETO TORRALBO','Teacher',NULL),('pablo_sanchez_barreiro','PABLO SANCHEZ BARREIRO','Teacher',NULL),('patricia_cerecedo_sandoval','PATRICIA CERECEDO SANDOVAL','Teacher',NULL),('patricia_lopez_martinez','PATRICIA LOPEZ MARTINEZ','Teacher',NULL),('pedro_jose_valle_herrero','PEDRO JOSE VALLE HERRERO','Teacher',NULL),('rafael_duque_medina','RAFAEL DUQUE MEDINA','Teacher',NULL),('rafael_granero_belinchon','RAFAEL GRANERO BELINCHON','Teacher',NULL),('rafael_menendez_de_llano_rozas','RAFAEL MENENDEZ DE LLANO ROZAS','Teacher',NULL),('rafael_valiente_barroso','RAFAEL VALIENTE BARROSO','Teacher',NULL),('ramon_gandarillas_perez','RAMON GANDARILLAS PEREZ','Teacher',NULL),('ramon_ignacio_diego_garcia','RAMON IGNACIO DIEGO GARCIA','Teacher',NULL),('ramon_niembro_barcena','RAMON NIEMBRO BARCENA','Teacher',NULL),('rebeca_garcia_ramos','REBECA GARCIA RAMOS','Teacher',NULL),('roberto_sanz_gil','ROBERTO SANZ GIL','Teacher',NULL),('rodrigo_alcaraz_de_la_osa','RODRIGO ALCARAZ DE LA OSA','Teacher',NULL),('rogelio_olavarri_fernandez','ROGELIO OLAVARRI FERNANDEZ','Teacher',NULL),('saturnino_marcos_marcos','SATURNINO MARCOS MARCOS','Teacher',NULL),('SEMINARIO_FISICA','SEMINARIO FISICA','Room','fd9b3'),('SEMINARIO_INFORMATICA','SEMINARIO INFORMATICA','Room','d6d6c2'),('SEMINARIO_MATEMATICAS','SEMINARIO MATEMATICAS','Room','ffffff'),('sergio_garrido_fernandez','SERGIO GARRIDO FERNANDEZ','Teacher',NULL),('silvia_mateos_ibanez','SILVIA MATEOS IBAÑEZ','Teacher',NULL),('tomas_jesus_recio_muniz','TOMAS JESUS RECIO MUÑIZ','Teacher',NULL),('tomas_martin_hernandez','TOMAS MARTIN HERNANDEZ','Teacher',NULL),('valentin_puente_varona','VALENTIN PUENTE VARONA','Teacher',NULL),('valeriano_martinez_san_roman','VALERIANO MARTINEZ SAN ROMAN','Teacher',NULL),('vicente_bengochea_botin','VICENTE BENGOCHEA BOTIN','Teacher',NULL),('xabier_eduardo_moreno-ventas_bravo','XABIER EDUARDO MORENO-VENTAS BRAVO','Teacher',NULL),('yael_gutierrez_vela','YAEL GUTIERREZ VELA','Teacher',NULL);
/*!40000 ALTER TABLE `resources` ENABLE KEYS */;
UNLOCK TABLES;

--
-- Table structure for table `resources_to_resourcegroups`
--

DROP TABLE IF EXISTS `resources_to_resourcegroups`;
/*!40101 SET @saved_cs_client     = @@character_set_client */;
/*!40101 SET character_set_client = utf8 */;
CREATE TABLE `resources_to_resourcegroups` (
  `resource` varchar(75) NOT NULL,
  `resourcegroup` varchar(45) NOT NULL,
  PRIMARY KEY (`resource`,`resourcegroup`),
  KEY `resourcegroup` (`resourcegroup`),
  CONSTRAINT `resources_to_resourcegroups_ibfk_1` FOREIGN KEY (`resource`) REFERENCES `resources` (`id`),
  CONSTRAINT `resources_to_resourcegroups_ibfk_2` FOREIGN KEY (`resourcegroup`) REFERENCES `resourcegroups` (`id`)
) ENGINE=InnoDB DEFAULT CHARSET=utf8;
/*!40101 SET character_set_client = @saved_cs_client */;

--
-- Dumping data for table `resources_to_resourcegroups`
--

LOCK TABLES `resources_to_resourcegroups` WRITE;
/*!40000 ALTER TABLE `resources_to_resourcegroups` DISABLE KEYS */;
INSERT INTO `resources_to_resourcegroups` VALUES ('AULA_1','gr_Aula_Grande'),('AULA_11','gr_Aula_Grande'),('AULA_2','gr_Aula_Grande'),('AULA_7','gr_Aula_Grande'),('AULA_8','gr_Aula_Grande'),('SEMINARIO_INFORMATICA','gr_Aula_Grande'),('AULA_10','gr_Aula_Normal'),('AULA_12','gr_Aula_Normal'),('AULA_15','gr_Aula_Normal'),('AULA_3','gr_Aula_Normal'),('AULA_4','gr_Aula_Normal'),('AULA_5','gr_Aula_Normal'),('AULA_6','gr_Aula_Normal'),('AULA_9','gr_Aula_Normal'),('LABORATORIO_1','gr_Aula_Normal'),('LABORATORIO_2','gr_Aula_Normal'),('LABORATORIO_4','gr_Aula_Normal'),('SEMINARIO_FISICA','gr_Aula_Normal'),('SEMINARIO_MATEMATICAS','gr_Aula_Normal'),('AULA_13','gr_Aula_Pequena'),('AULA_14','gr_Aula_Pequena'),('LABORATORIO_3','gr_Aula_Pequena'),('Class1_DOBLE_1','gr_Class'),('Class1_DOBLE_2','gr_Class'),('Class1_DOBLE_3','gr_Class'),('Class1_DOBLE_4','gr_Class'),('Class1_DOBLE_5','gr_Class'),('Class1_DOBLE_6','gr_Class'),('Class1_DOBLE_PLACEHOLDER','gr_Class'),('Class1_FISICA_1','gr_Class'),('Class1_FISICA_2','gr_Class'),('Class1_FISICA_3','gr_Class'),('Class1_FISICA_4','gr_Class'),('Class1_FISICA_5','gr_Class'),('Class1_FISICA_6','gr_Class'),('Class1_FISICA_PLACEHOLDER','gr_Class'),('Class1_INFORMATICA_1','gr_Class'),('Class1_INFORMATICA_2','gr_Class'),('Class1_INFORMATICA_3','gr_Class'),('Class1_INFORMATICA_4','gr_Class'),('Class1_INFORMATICA_5','gr_Class'),('Class1_INFORMATICA_6','gr_Class'),('Class1_INFORMATICA_PLACEHOLDER','gr_Class'),('Class1_MATEMATICAS_1','gr_Class'),('Class1_MATEMATICAS_2','gr_Class'),('Class1_MATEMATICAS_3','gr_Class'),('Class1_MATEMATICAS_4','gr_Class'),('Class1_MATEMATICAS_5','gr_Class'),('Class1_MATEMATICAS_6','gr_Class'),('Class1_MATEMATICAS_PLACEHOLDER','gr_Class'),('Class2_DOBLE_1','gr_Class'),('Class2_DOBLE_2','gr_Class'),('Class2_DOBLE_3','gr_Class'),('Class2_DOBLE_4','gr_Class'),('Class2_DOBLE_PLACEHOLDER','gr_Class'),('Class2_FISICA_1','gr_Class'),('Class2_FISICA_2','gr_Class'),('Class2_FISICA_3','gr_Class'),('Class2_FISICA_4','gr_Class'),('Class2_FISICA_PLACEHOLDER','gr_Class'),('Class2_INFORMATICA_1','gr_Class'),('Class2_INFORMATICA_2','gr_Class'),('Class2_INFORMATICA_3','gr_Class'),('Class2_INFORMATICA_4','gr_Class'),('Class2_INFORMATICA_PLACEHOLDER','gr_Class'),('Class2_MATEMATICAS_1','gr_Class'),('Class2_MATEMATICAS_2','gr_Class'),('Class2_MATEMATICAS_3','gr_Class'),('Class2_MATEMATICAS_4','gr_Class'),('Class2_MATEMATICAS_PLACEHOLDER','gr_Class'),('Class3_DOBLE_1','gr_Class'),('Class3_DOBLE_2','gr_Class'),('Class3_DOBLE_3','gr_Class'),('Class3_DOBLE_4','gr_Class'),('Class3_DOBLE_PLACEHOLDER','gr_Class'),('Class3_FISICA_1','gr_Class'),('Class3_FISICA_2','gr_Class'),('Class3_FISICA_3','gr_Class'),('Class3_FISICA_4','gr_Class'),('Class3_FISICA_PLACEHOLDER','gr_Class'),('Class3_INFORMATICA_1','gr_Class'),('Class3_INFORMATICA_2','gr_Class'),('Class3_INFORMATICA_3','gr_Class'),('Class3_INFORMATICA_4','gr_Class'),('Class3_INFORMATICA_PLACEHOLDER','gr_Class'),('Class3_MATEMATICAS_1','gr_Class'),('Class3_MATEMATICAS_2','gr_Class'),('Class3_MATEMATICAS_3','gr_Class'),('Class3_MATEMATICAS_4','gr_Class'),('Class3_MATEMATICAS_PLACEHOLDER','gr_Class'),('Class4_DOBLE_1','gr_Class'),('Class4_DOBLE_2','gr_Class'),('Class4_DOBLE_PLACEHOLDER','gr_Class'),('Class4_FISICA_1','gr_Class'),('Class4_FISICA_2','gr_Class'),('Class4_FISICA_INTERNATIONAL_DIPLOMA1','gr_Class'),('Class4_FISICA_INTERNATIONAL_DIPLOMA2','gr_Class'),('Class4_FISICA_PLACEHOLDER','gr_Class'),('Class4_INFORMATICA_COMPUTACION1','gr_Class'),('Class4_INFORMATICA_COMPUTACION2','gr_Class'),('Class4_INFORMATICA_COMPUTADORES1','gr_Class'),('Class4_INFORMATICA_COMPUTADORES2','gr_Class'),('Class4_INFORMATICA_PLACEHOLDER','gr_Class'),('Class4_INFORMATICA_SOFTWARE1','gr_Class'),('Class4_INFORMATICA_SOFTWARE2','gr_Class'),('Class4_MATEMATICAS_1','gr_Class'),('Class4_MATEMATICAS_2','gr_Class'),('Class4_MATEMATICAS_OPTATIVA1','gr_Class'),('Class4_MATEMATICAS_OPTATIVA2','gr_Class'),('Class4_MATEMATICAS_PLACEHOLDER','gr_Class'),('LABORATORIO_1','gr_Laboratorio'),('LABORATORIO_2','gr_Laboratorio'),('LABORATORIO_3','gr_Laboratorio'),('LABORATORIO_4','gr_Laboratorio'),('AULA_1','gr_Room'),('AULA_10','gr_Room'),('AULA_11','gr_Room'),('AULA_12','gr_Room'),('AULA_13','gr_Room'),('AULA_14','gr_Room'),('AULA_15','gr_Room'),('AULA_2','gr_Room'),('AULA_3','gr_Room'),('AULA_4','gr_Room'),('AULA_5','gr_Room'),('AULA_6','gr_Room'),('AULA_7','gr_Room'),('AULA_8','gr_Room'),('AULA_9','gr_Room'),('LABORATORIO_1','gr_Room'),('LABORATORIO_2','gr_Room'),('LABORATORIO_3','gr_Room'),('LABORATORIO_4','gr_Room'),('SEMINARIO_FISICA','gr_Room'),('SEMINARIO_INFORMATICA','gr_Room'),('SEMINARIO_MATEMATICAS','gr_Room'),('adolfo_cobo_garcia','gr_Teacher'),('adolfo_garandal_martin','gr_Teacher'),('airam_eduardo_marcos_caballero','gr_Teacher'),('alberto_gonzalez_diez','gr_Teacher'),('alberto_ruiz_jimeno','gr_Teacher'),('alejandro_perez_ruiz','gr_Teacher'),('alfonso_de_la_vega_ruiz','gr_Teacher'),('alicia_calderon_tazon','gr_Teacher'),('alicia_nieto_reyes','gr_Teacher'),('alvaro_gomez_gomez','gr_Teacher'),('alvaro_lopez_garcia','gr_Teacher'),('amalia_corral_ramos','gr_Teacher'),('ana_fernandez_laviada','gr_Teacher'),('ana_isabel_gomez_perez','gr_Teacher'),('ana_maria_rio_poncela','gr_Teacher'),('andres_iglesias_prieto','gr_Teacher'),('andres_prieto_gala','gr_Teacher'),('angela_inmaculada_barreda_gomez','gr_Teacher'),('angel_alberto_valle_gutierrez','gr_Teacher'),('angel_mananes_perez','gr_Teacher'),('antonio_rodriguez_yunta','gr_Teacher'),('araceli_tuero_diaz','gr_Teacher'),('asier_salvadores_tascon','gr_Teacher'),('beatriz_blanco_rojo','gr_Teacher'),('beatriz_porras_pomares','gr_Teacher'),('borja_perez_pavon','gr_Teacher'),('carlos_beltran_alvarez','gr_Teacher'),('carlos_blanco_bueno','gr_Teacher'),('carlos_sainz_fernandez','gr_Teacher'),('carmen_maria_sarabia_cobo','gr_Teacher'),('cecilia_valero_revenga','gr_Teacher'),('cristina_tirnauca','gr_Teacher'),('daniel_sadornil_renedo','gr_Teacher'),('delfina_gomez_gandarillas','gr_Teacher'),('demetrio_dominguez_plata','gr_Teacher'),('diego_garcia_saiz','gr_Teacher'),('diego_herranz_munoz','gr_Teacher'),('diego_santiago_pazo_bueno','gr_Teacher'),('domingo_gomez_perez','gr_Teacher'),('eduardo_garcia_torre','gr_Teacher'),('eliana_rocio_rocha_blanco','gr_Teacher'),('enrique_vallejo_gutierrez','gr_Teacher'),('ernesto_anabitarte_cano','gr_Teacher'),('esteban_fernandez_gonzalez','gr_Teacher'),('esteban_stafford_fernandez','gr_Teacher'),('eugenio_villar_bonet','gr_Teacher'),('fernando_aguado_menendez','gr_Teacher'),('fernando_etayo_gordejuela','gr_Teacher'),('fernando_gonzalez_martinez','gr_Teacher'),('fernando_lopez_vega','gr_Teacher'),('fernando_m._duque_calvo','gr_Teacher'),('fernando_moreno_gracia','gr_Teacher'),('fernando_rodriguez_gonzalez','gr_Teacher'),('fernando_vallejo_alonso','gr_Teacher'),('francisco_gonzalez_fernandez','gr_Teacher'),('francisco_javier_junquera_quintana','gr_Teacher'),('francisco_jesus_carrera_troyano','gr_Teacher'),('francisco_jose_alcala_galan','gr_Teacher'),('francisco_matorras_weinig','gr_Teacher'),('gema_tejeria_alonso','gr_Teacher'),('gustavo_cotero_bada','gr_Teacher'),('hector_perez_tijero','gr_Teacher'),('hector_posadas_cobo','gr_Teacher'),('hector_san_martin_gutierrez','gr_Teacher'),('ignacio_gonzalez_ruiz','gr_Teacher'),('ignacio_hernandez_campo','gr_Teacher'),('ignacio_herrera_rojo','gr_Teacher'),('ignacio_ordovas_pascual','gr_Teacher'),('ines_gonzalez_rodriguez','gr_Teacher'),('irene_garcia_gonzalez','gr_Teacher'),('irene_polo_blanco','gr_Teacher'),('ivan_vila_alvarez','gr_Teacher'),('jaime_bonachea_pico','gr_Teacher'),('jaime_vinuesa_tejedor','gr_Teacher'),('javier_gonzalez_villa','gr_Teacher'),('jesus_araujo_gomez','gr_Teacher'),('jesus_collado_agudo','gr_Teacher'),('jesus_gutierrez_preciado','gr_Teacher'),('jesus_maria_rodriguez_fernandez','gr_Teacher'),('jonatan_piedra_gomez','gr_Teacher'),('jose_angel_gregorio_monasterio','gr_Teacher'),('jose_angel_herrero_velasco','gr_Teacher'),('jose_angel_irastorza_teja','gr_Teacher'),('jose_angel_mier_maza','gr_Teacher'),('jose_antonio_aramburu-zabala_higuera','gr_Teacher'),('jose_carlos_gomez_sal','gr_Teacher'),('jose_carlos_palencia_gutierrez','gr_Teacher'),('jose_ignacio_espeso_martinez','gr_Teacher'),('jose_ignacio_gonzalez_serrano','gr_Teacher'),('jose_javier_gutierrez_garcia','gr_Teacher'),('jose_javier_segura_sala','gr_Teacher'),('jose_julio_güemez_ledesma','gr_Teacher'),('josé_luis_bosque_orero','gr_Teacher'),('jose_luis_montana_arnaiz','gr_Teacher'),('jose_maria_drake_moyano','gr_Teacher'),('jose_maria_saiz_vega','gr_Teacher'),('jose_maria_senties_vian','gr_Teacher'),('jose_miguel_prellezo_gutierrez','gr_Teacher'),('jose_ramon_solana_quiros','gr_Teacher'),('juan_antonio_cuesta_albertos','gr_Teacher'),('juan_antonio_saiz_ipina','gr_Teacher'),('juan_gonzalez_criado_del_rey','gr_Teacher'),('juan_hernandez_marques','gr_Teacher'),('juan_manuel_lopez_martin','gr_Teacher'),('juan_remondo_tejerina','gr_Teacher'),('julio_barros_guadalupe','gr_Teacher'),('julio_largo_maeso','gr_Teacher'),('julio_luis_medina_pasaje','gr_Teacher'),('julio_ramon_beivide_palacio','gr_Teacher'),('laureano_gonzalez_vega','gr_Teacher'),('lidia_sanchez_ruiz','gr_Teacher'),('luis_alberto_fernandez_fernandez','gr_Teacher'),('luis_felipe_tabera_alonso','gr_Teacher'),('luis_fernandez_barquin','gr_Teacher'),('luis_javier_martinez_rodriguez','gr_Teacher'),('luis_julian_goicoechea_santamaria','gr_Teacher'),('luis_lupianez_carrillo','gr_Teacher'),('luis_miguel_pardo_vasallo','gr_Teacher'),('luis_pesquera_gonzalez','gr_Teacher'),('luis_vellido_escudero','gr_Teacher'),('m._carmen_pesquera_gonzalez','gr_Teacher'),('m._mercedes_granda_miguel','gr_Teacher'),('manuel_gonzalez_ortiz','gr_Teacher'),('manuel_perez_cagigal','gr_Teacher'),('marcos_cruz_rodriguez','gr_Teacher'),('maria_cecilia_pola_mendez','gr_Teacher'),('maria_del_carmen_martinez_fernandez','gr_Teacher'),('maria_de_ujue_etayo_rodriguez','gr_Teacher'),('maria_elena_mediavilla_bolado','gr_Teacher'),('maria_isabel_gutierrez_diaz-velarde','gr_Teacher'),('maria_jesus_gonzalez_prieto','gr_Teacher'),('maria_jose_gonzalez_lopez','gr_Teacher'),('maria_luisa_gallo_alegria','gr_Teacher'),('maria_pilar_fernandez-ferreiros_erviti','gr_Teacher'),('maria_rodriguez_del_castillo','gr_Teacher'),('maria_teresa_rodrigo_anoro','gr_Teacher'),('mario_aldea_rivas','gr_Teacher'),('mario_alfredo_fioravanti_villanueva','gr_Teacher'),('mario_manana_canteli','gr_Teacher'),('marta_elena_zorrilla_pantaleon','gr_Teacher'),('matilde_de_apraiz_casuso','gr_Teacher'),('mercedes_lopez_quelle','gr_Teacher'),('mercedes_nuria_sanchez_sanchez','gr_Teacher'),('michael_gonzalez_harbour','gr_Teacher'),('miguel_angel_gutierrez_lecue','gr_Teacher'),('miguel_angel_manzano_ansorena','gr_Teacher'),('miguel_angel_rodriguez_diaz','gr_Teacher'),('miguel_sierra_sanchez','gr_Teacher'),('monica_arnaiz_monar','gr_Teacher'),('namkee_ahn_jung','gr_Teacher'),('nicolo_trevisani','gr_Teacher'),('nuria_corral_perez','gr_Teacher'),('olga_maria_conde_portilla','gr_Teacher'),('pablo_abad_fidalgo','gr_Teacher'),('pablo_fuentes_saez','gr_Teacher'),('pablo_maria_de_castro_garcia','gr_Teacher'),('pablo_martinez_ruiz_del_arbol','gr_Teacher'),('pablo_prieto_torralbo','gr_Teacher'),('pablo_sanchez_barreiro','gr_Teacher'),('patricia_cerecedo_sandoval','gr_Teacher'),('patricia_lopez_martinez','gr_Teacher'),('pedro_jose_valle_herrero','gr_Teacher'),('rafael_duque_medina','gr_Teacher'),('rafael_granero_belinchon','gr_Teacher'),('rafael_menendez_de_llano_rozas','gr_Teacher'),('rafael_valiente_barroso','gr_Teacher'),('ramon_gandarillas_perez','gr_Teacher'),('ramon_ignacio_diego_garcia','gr_Teacher'),('ramon_niembro_barcena','gr_Teacher'),('rebeca_garcia_ramos','gr_Teacher'),('roberto_sanz_gil','gr_Teacher'),('rodrigo_alcaraz_de_la_osa','gr_Teacher'),('rogelio_olavarri_fernandez','gr_Teacher'),('saturnino_marcos_marcos','gr_Teacher'),('sergio_garrido_fernandez','gr_Teacher'),('silvia_mateos_ibanez','gr_Teacher'),('tomas_jesus_recio_muniz','gr_Teacher'),('tomas_martin_hernandez','gr_Teacher'),('valentin_puente_varona','gr_Teacher'),('valeriano_martinez_san_roman','gr_Teacher'),('vicente_bengochea_botin','gr_Teacher'),('xabier_eduardo_moreno-ventas_bravo','gr_Teacher'),('yael_gutierrez_vela','gr_Teacher');
/*!40000 ALTER TABLE `resources_to_resourcegroups` ENABLE KEYS */;
UNLOCK TABLES;

--
-- Table structure for table `resourcetypes`
--

DROP TABLE IF EXISTS `resourcetypes`;
/*!40101 SET @saved_cs_client     = @@character_set_client */;
/*!40101 SET character_set_client = utf8 */;
CREATE TABLE `resourcetypes` (
  `id` varchar(45) NOT NULL,
  `name` varchar(45) NOT NULL,
  PRIMARY KEY (`id`)
) ENGINE=InnoDB DEFAULT CHARSET=utf8;
/*!40101 SET character_set_client = @saved_cs_client */;

--
-- Dumping data for table `resourcetypes`
--

LOCK TABLES `resourcetypes` WRITE;
/*!40000 ALTER TABLE `resourcetypes` DISABLE KEYS */;
INSERT INTO `resourcetypes` VALUES ('Aula_Grande','Aula Grande'),('Aula_Normal','Aula Normal'),('Aula_Pequena','Aula Pequeña'),('Class','Cursos'),('Laboratory','Laboratorios'),('Room','Aulas'),('Teacher','Profesores');
/*!40000 ALTER TABLE `resourcetypes` ENABLE KEYS */;
UNLOCK TABLES;

--
-- Table structure for table `timegroups`
--

DROP TABLE IF EXISTS `timegroups`;
/*!40101 SET @saved_cs_client     = @@character_set_client */;
/*!40101 SET character_set_client = utf8 */;
CREATE TABLE `timegroups` (
  `id` varchar(45) NOT NULL,
  `name` varchar(45) NOT NULL,
  PRIMARY KEY (`id`)
) ENGINE=InnoDB DEFAULT CHARSET=utf8;
/*!40101 SET character_set_client = @saved_cs_client */;

--
-- Dumping data for table `timegroups`
--

LOCK TABLES `timegroups` WRITE;
/*!40000 ALTER TABLE `timegroups` DISABLE KEYS */;
INSERT INTO `timegroups` VALUES ('AntesDescanso','Antes del descanso'),('DespuesDescanso','Despues del descanso'),('Tarde','Tarde');
/*!40000 ALTER TABLE `timegroups` ENABLE KEYS */;
UNLOCK TABLES;

--
-- Table structure for table `times`
--

DROP TABLE IF EXISTS `times`;
/*!40101 SET @saved_cs_client     = @@character_set_client */;
/*!40101 SET character_set_client = utf8 */;
CREATE TABLE `times` (
  `id` varchar(45) NOT NULL,
  `name` varchar(45) NOT NULL,
  `day` varchar(25) NOT NULL,
  `timegroup` varchar(45) NOT NULL,
  PRIMARY KEY (`id`),
  KEY `day` (`day`),
  KEY `timegroup` (`timegroup`),
  CONSTRAINT `times_ibfk_1` FOREIGN KEY (`day`) REFERENCES `days` (`id`),
  CONSTRAINT `times_ibfk_2` FOREIGN KEY (`timegroup`) REFERENCES `timegroups` (`id`)
) ENGINE=InnoDB DEFAULT CHARSET=utf8;
/*!40101 SET character_set_client = @saved_cs_client */;

--
-- Dumping data for table `times`
--

LOCK TABLES `times` WRITE;
/*!40000 ALTER TABLE `times` DISABLE KEYS */;
INSERT INTO `times` VALUES ('Jueves1','Jueves - 1','Jueves','AntesDescanso'),('Jueves10','Jueves - 10','Jueves','DespuesDescanso'),('Jueves2','Jueves - 2','Jueves','AntesDescanso'),('Jueves3','Jueves - 3','Jueves','DespuesDescanso'),('Jueves4','Jueves - 4','Jueves','DespuesDescanso'),('Jueves5','Jueves - 5','Jueves','DespuesDescanso'),('Jueves6','Jueves - 6','Jueves','Tarde'),('Jueves7','Jueves - 7','Jueves','Tarde'),('Jueves8','Jueves - 8','Jueves','Tarde'),('Jueves9','Jueves - 9','Jueves','Tarde'),('Lunes1','Lunes - 1','Lunes','AntesDescanso'),('Lunes10','Lunes - 10','Lunes','DespuesDescanso'),('Lunes2','Lunes - 2','Lunes','AntesDescanso'),('Lunes3','Lunes - 3','Lunes','DespuesDescanso'),('Lunes4','Lunes - 4','Lunes','DespuesDescanso'),('Lunes5','Lunes - 5','Lunes','DespuesDescanso'),('Lunes6','Lunes - 6','Lunes','Tarde'),('Lunes7','Lunes - 7','Lunes','Tarde'),('Lunes8','Lunes - 8','Lunes','Tarde'),('Lunes9','Lunes - 9','Lunes','Tarde'),('Martes1','Martes - 1','Martes','AntesDescanso'),('Martes10','Martes - 10','Martes','DespuesDescanso'),('Martes2','Martes - 2','Martes','AntesDescanso'),('Martes3','Martes - 3','Martes','DespuesDescanso'),('Martes4','Martes - 4','Martes','DespuesDescanso'),('Martes5','Martes - 5','Martes','DespuesDescanso'),('Martes6','Martes - 6','Martes','Tarde'),('Martes7','Martes - 7','Martes','Tarde'),('Martes8','Martes - 8','Martes','Tarde'),('Martes9','Martes - 9','Martes','Tarde'),('Miercoles1','Miercoles - 1','Miercoles','AntesDescanso'),('Miercoles10','Miercoles - 10','Miercoles','DespuesDescanso'),('Miercoles2','Miercoles - 2','Miercoles','AntesDescanso'),('Miercoles3','Miercoles - 3','Miercoles','DespuesDescanso'),('Miercoles4','Miercoles - 4','Miercoles','DespuesDescanso'),('Miercoles5','Miercoles - 5','Miercoles','DespuesDescanso'),('Miercoles6','Miercoles - 6','Miercoles','Tarde'),('Miercoles7','Miercoles - 7','Miercoles','Tarde'),('Miercoles8','Miercoles - 8','Miercoles','Tarde'),('Miercoles9','Miercoles - 9','Miercoles','Tarde'),('Viernes1','Viernes - 1','Viernes','AntesDescanso'),('Viernes10','Viernes - 10','Viernes','DespuesDescanso'),('Viernes2','Viernes - 2','Viernes','AntesDescanso'),('Viernes3','Viernes - 3','Viernes','DespuesDescanso'),('Viernes4','Viernes - 4','Viernes','DespuesDescanso'),('Viernes5','Viernes - 5','Viernes','DespuesDescanso'),('Viernes6','Viernes - 6','Viernes','Tarde'),('Viernes7','Viernes - 7','Viernes','Tarde'),('Viernes8','Viernes - 8','Viernes','Tarde'),('Viernes9','Viernes - 9','Viernes','Tarde');
/*!40000 ALTER TABLE `times` ENABLE KEYS */;
UNLOCK TABLES;

--
-- Dumping events for database 'scheduledb'
--

--
-- Dumping routines for database 'scheduledb'
--
/*!40103 SET TIME_ZONE=@OLD_TIME_ZONE */;

/*!40101 SET SQL_MODE=@OLD_SQL_MODE */;
/*!40014 SET FOREIGN_KEY_CHECKS=@OLD_FOREIGN_KEY_CHECKS */;
/*!40014 SET UNIQUE_CHECKS=@OLD_UNIQUE_CHECKS */;
/*!40101 SET CHARACTER_SET_CLIENT=@OLD_CHARACTER_SET_CLIENT */;
/*!40101 SET CHARACTER_SET_RESULTS=@OLD_CHARACTER_SET_RESULTS */;
/*!40101 SET COLLATION_CONNECTION=@OLD_COLLATION_CONNECTION */;
/*!40111 SET SQL_NOTES=@OLD_SQL_NOTES */;

-- Dump completed on 2018-02-11 23:30:00
